College                         			 					,Rating               			,Location									,Affiliate 					,Average Fee 								,Exam Accepted								,Review									
"Nirma University - [NU], Ahmedabad","7.1/10","Ahmedabad, Gujarat","UGC, NAAC-A, AIU","₹2.05 L / yr LLB - avg fee","CLAT","4.2 / 5 34 reviews"
"Andhra University, Dr. B. R. Ambedkar College of law, Visakhapatnam","7.1/10","Visakhapatnam, Andhra Pradesh","NAAC-A","-- LLB",,
"The Northcap University - [NCU], Gurgaon","7.1/10","Gurgaon, Haryana","NAAC, UGC, NBA, MHRD, AIU","₹1.49 L / yr LLB - avg fee",,""
"Sri Venkateswara College of Law, Tirupati","7.1/10","Tirupati, Andhra Pradesh","BCI","₹32 K / yr LLB - avg fee","AP LAWCE...",""
"KLE Society's Law College, Bangalore","7.0/10","Bangalore, Karnataka","BCI","₹1 L / yr LLB - avg fee","LSAT Ind...","3.3 / 5 5 reviews"
"University Institute of Legal Studies, Chandigarh","7.0/10","Chandigarh, Chandigarh","BCI, UGC","₹50 K / yr LLB - avg fee","PU LLB","3.4 / 5 1 reviews"
"Bangalore Institute of Legal Studies - [BILS], Bangalore","7.0/10","Bangalore, Karnataka","BCI","₹14.5 K / yr LLB - avg fee",,""
"Lovely Professional University - [LPU], Jalandhar","7.0/10","Jalandhar, Punjab","NCTE, COA, PCI, IAP, BCI","₹1.49 L / yr LLB - avg fee","LPUNEST","4 / 5 310 reviews"
"SDM Law College Kodialbail, Mangalore","6.5/10","Mangalore, Karnataka","NAAC","₹29 K / yr LLB - avg fee",,
"Dhenkanal Law College, Dhenkanal","6.5/10","Dhenkanal, Orissa","BCI, NAAC, UGC","₹11.3 K / yr LLB - avg fee",,
"KC Law College, Jammu","6.5/10","Jammu, Jammu and Kashmir","BCI","₹1 L / yr LLB - avg fee",,
"Jalpaiguri Law College, Jalpaiguri","6.5/10","Jalpaiguri, West Bengal","BCI","₹3.5 K / yr LLB - avg fee",,
"Alliance School of Law, Bangalore","6.4/10","Bangalore, Karnataka","BCI","₹1.55 L / yr LLB - avg fee","ACLAT",""
"NVP Law College, Visakhapatnam","6.4/10","Visakhapatnam, Andhra Pradesh","BCI","₹10.6 K / yr LLB - avg fee","AP LAWCE...",""
"South Calcutta Law College, Kolkata","6.4/10","Kolkata, West Bengal","BCI","₹1.8 K / yr LLB - avg fee",,
"Haldia Law College - [HLC], Medinipur","6.4/10","Medinipur, West Bengal","BCI","₹21 K / yr LLB - avg fee",,
"Bengaluru Law College, Bangalore","6.4/10","Bangalore, Karnataka","BCI","₹9.9 K / yr LLB - avg fee",,""
"Mahatma Gandhi Law College - [MGLC], Hyderabad","6.4/10","Hyderabad, Telangana","BCI","₹12.1 K / yr LLB - avg fee","TS LAWCE...",""
"Siddharth Law College, Gandhi Nagar","6.4/10","Gandhi Nagar, Gujarat","BCI","₹90 K / yr LLB - avg fee",,""
"Dayanand College of Law, Latur","6.4/10","Latur, Maharashtra","BCI, UGC","₹3.28 K / yr LLB - avg fee","MH CET L...",""
"JC College of Law, Guntur","6.4/10","Guntur, Andhra Pradesh","BCI","₹36.4 K / yr LLB - avg fee",,
"Janhit College of Law - [JCL], Greater Noida","6.4/10","Greater Noida, Uttar Pradesh","BCI","₹34.5 K / yr LLB - avg fee",,
"Navjeevan Law College, Nashik","6.3/10","Nashik, Maharashtra","UGC","₹7.16 K / yr LLB - avg fee",,
"PS Raju Law College, Kakinada","6.3/10","Kakinada, Andhra Pradesh","","-- LLB",,
"Patna Law College, Patna","6.3/10","Patna, Bihar","BCI, NAAC","₹1.72 K / yr LLB - avg fee",,
"Braja Mohan Thakur Law College (Autonomous), Purnea","6.3/10","Purnea, Bihar","UGC","-- LLB",,
"Vivekananda Law College, Puttur","6.3/10","Puttur, Karnataka","BCI","₹11.3 K / yr LLB - avg fee",,
"HLM Group of Institutions, Ghaziabad","6.3/10","Ghaziabad, Uttar Pradesh","NCTE, AICTE, NAAC","-- LLB",,
"Kashmir Law College, Srinagar","6.2/10","Srinagar, Jammu and Kashmir","BCI","₹21 K / yr LLB - avg fee",,
"University Law College, Bhubaneswar","6.2/10","Bhubaneswar, Orissa","BCI","-- LLB",,
"A.K.K. New Law Academy, Pune","6.2/10","Pune, Maharashtra","UGC","₹1.05 L / yr LLB - avg fee",,
"Department of Laws Panjab University, Chandigarh","6.2/10","Chandigarh, Chandigarh","BCI, UGC","₹8.87 K / yr LLB - avg fee",,
"VT Choksi Sarvajanik Law College, Surat","6.2/10","Surat, Gujarat","NAAC, UGC","₹45 K / yr LLB - avg fee",,
"ICFAI University, West Tripura","6.2/10","West Tripura, Tripura","AICTE, UGC","₹46 K / yr LLB - avg fee",,""
"Government Law College, Madurai","6.2/10","Madurai, Tamil Nadu","BCI","₹1.37 K / yr LLB - avg fee","CLAT",""
"Baba Kundan Singh Memorial Law College - [BKSMLC], Moga","6.2/10","Moga, Punjab","","₹60 K / yr LLB - avg fee",,
"Dr. Panjabrao Deshmukh College of Law, Amravati","6.2/10","Amravati, Maharashtra","NAAC","₹6.98 K / yr LLB - avg fee",,
"School of Excellence in Law [SOEL] - The Tamilnadu Dr. Ambedkar Law University, Chennai","6.2/10","Chennai, Tamil Nadu","BCI","₹64.8 K / yr LLB - avg fee",,""
"J.V.Jain College, Saharanpur","6.2/10","Saharanpur, Uttar Pradesh","NCTE, NAAC, UGC","₹1.9 K / yr LLB - avg fee","CLAT","3.1 / 5 3 reviews"
"Daita Sriramulu Hindu College of Law, Machilipatnam","6.2/10","Machilipatnam, Andhra Pradesh","BCI","₹11.5 K / yr LLB - avg fee",,
"Kerala Law Academy - [KLA], Thiruvananthapuram","6.2/10","Thiruvananthapuram, Kerala","BCI","₹60 K / yr LLB - avg fee","KLEE",""
"Hoogly Mohsin College Chinsurah, Hooghly","6.2/10","Hooghly, West Bengal","NAAC","₹1.43 K / yr LLB - avg fee",,""
"Sri R.K.M. Law College, Chittoor","6.2/10","Chittoor, Andhra Pradesh","BCI","₹30 K / yr LLB - avg fee","AP LAWCE...",""
"Vidyodaya Law College, Tumkur","6.2/10","Tumkur, Karnataka","BCI","-- LLB",,
"Chhaju Ram Law College, Hisar","6.1/10","Hisar, Haryana","BCI","₹35 K / yr LLB - avg fee",,""
"University of Petroleum and Energy Studies - [UPES], Dehradun","6.1/10","Dehradun, Uttarakhand","BCI, NAAC, UGC, AIU","₹2.68 L / yr LLB - avg fee",,""
"BMS College of Law - [BMSCL], Bangalore","6.1/10","Bangalore, Karnataka","BCI","₹50 K / yr LLB - avg fee",,""
"Dogra Law College, Jammu","6.1/10","Jammu, Jammu and Kashmir","BCI","₹7.24 K / yr LLB - avg fee",,
"Government Law College, Thiruchirapalli","6.1/10","Thiruchirapalli, Tamil Nadu","BCI","₹1.25 K / yr LLB - avg fee","CLAT",""
"Gopaldas Jhamatmal Advani Law College - [GJALC], Mumbai","6.1/10","Mumbai, Maharashtra","UGC","₹7.66 K / yr LLB - avg fee","MH CET L...","3.8 / 5 2 reviews"
"SS Jain Subodh Law College, Jaipur","6.1/10","Jaipur, Rajasthan","","-- LLB","CLAT","3.4 / 5 2 reviews"
"University College of Law, Karnatak University, Dharwad","6.1/10","Dharwad, Karnataka","BCI","-- LLB",,
"Sarsuna Law College, Kolkata","6.1/10","Kolkata, West Bengal","BCI","₹22.5 K / yr LLB - avg fee",,
"Mangaldai Law College, Marigaon","6.1/10","Marigaon, Assam","BCI","-- LLB",,
"Tezpur Law College, Sonitpur","6.1/10","Sonitpur, Assam","BCI","-- LLB",,
"Madhusudan Law College, Cuttack","6.1/10","Cuttack, Orissa","","₹31.2 K / yr LLB - avg fee",,""
"National University of Study and Research in Law - [NUSRL], Ranchi","6.1/10","Ranchi, Jharkhand","BCI, UGC","₹1.6 L / yr LLB - avg fee","CLAT","3.5 / 5 2 reviews"
"Snehangshu Kanta Acharya Institute of Law - [SKAIL], Nadia","6.1/10","Nadia, West Bengal","BCI","₹31 K / yr LLB - avg fee",,
"Dr. B.R. Ambedkar Government Law College, Pondicherry","6.1/10","Pondicherry, Puducherry","BCI","₹1.43 K / yr LLB - avg fee",,
"Anand Law College, Anand","6.0/10","Anand, Gujarat","BCI, NAAC, UGC","₹92 K / yr LLB - avg fee",,""
"Manikchand Pahade Law College, Aurangabad","6.0/10","Aurangabad, Maharashtra","BCI","₹1.86 K / yr LLB - avg fee","MH CET L...",""
"Jorhat Law College, Jorhat","6.0/10","Jorhat, Assam","BCI","₹73.8 K / yr LLB - avg fee",,
"PES's Modern Law College, Pune","6.0/10","Pune, Maharashtra","BCI","-- LLB","MH CET L...",""
"Bihar Institute of law - [BIL], Patna","6.0/10","Patna, Bihar","BCI","₹20.4 K / yr LLB - avg fee",,
"Padala Rami Reddy Law College, Hyderabad","6.0/10","Hyderabad, Telangana","AICTE","-- LLB","TS LAWCE...","3.3 / 5 4 reviews"
"Damodaram Sanjivayya National Law University - [DSNLU], Visakhapatnam","6.0/10","Visakhapatnam, Andhra Pradesh","BCI, UGC","₹1.61 L / yr LLB - avg fee","CLAT","3.9 / 5 3 reviews"
"Dispur Law College, Guwahati","6.0/10","Guwahati, Assam","BCI","-- LLB",,
"NEF Law College, Guwahati","6.0/10","Guwahati, Assam","","₹11.2 K / yr LLB - avg fee",,""
"Al Ameen Law College, Bangalore","6.0/10","Bangalore, Karnataka","","₹12 K / yr LLB - avg fee",,
"National Law University and Judicial Academy - [NLUJAA], Guwahati","6.0/10","Guwahati, Assam","BCI, UGC, AIU","₹1.18 L / yr LLB - avg fee",,
"Nari Gursahani Law College - [NGLC], Thane","6.0/10","Thane, Maharashtra","BCI","₹12.9 K / yr LLB - avg fee","MH CET L...",""
"Gujarat University - [GU], Ahmedabad","6.0/10","Ahmedabad, Gujarat","UGC, NAAC-B","₹1.25 K / yr LLB - avg fee",,""
"National University of Advanced Legal Studies - [NUALS], Ernakulam","6.0/10","Ernakulam, Kerala","BCI, UGC, AIU","₹1.49 L / yr LLB - avg fee","CLAT","2.5 / 5 1 reviews"
"University of Lucknow, Lucknow","6.0/10","Lucknow, Uttar Pradesh","AICTE, UGC","₹50.2 K / yr LLB - avg fee",,""
"Vaikunta Baliga College of Law - [VBCLAW], Udupi","6.0/10","Udupi, Karnataka","BCI, NAAC","₹19.8 K / yr LLB - avg fee",,
"Bishop Cotton Womens Christian Law College - [BCWCLC], Bangalore","6.0/10","Bangalore, Karnataka","BCI","₹22 K / yr LLB - avg fee","CLAT","3.3 / 5 1 reviews"
"Sri Eshwar Reddy College of Law, Tirupati","6.0/10","Tirupati, Andhra Pradesh","","-- LLB","AP LAWCE...",""
"Smt Shanti Devi Law College, Rewari","6.0/10","Rewari, Haryana","","-- LLB",,""
"Career College of Law, Bhopal","6.0/10","Bhopal, Madhya Pradesh","BCI","₹30 K / yr LLB - avg fee",,
"Geeta Institute of Law - [GIL], Panipat","5.9/10","Panipat, Haryana","BCI","₹90.2 K / yr LLB - avg fee","LSAT Ind...","3.6 / 5 1 reviews"
"Shri Ram College Of Law - [SRCL], Muzaffarnagar","5.9/10","Muzaffarnagar, Uttar Pradesh","BCI","-- LLB",,""
"Government Law College, Coimbatore","5.9/10","Coimbatore, Tamil Nadu","BCI","₹1.4 K / yr LLB - avg fee","CLAT",""
"Bharati Vidyapeeth New Law College, Sangli","5.9/10","Sangli, Maharashtra","BCI","₹2.42 K / yr LLB - avg fee","MH CET L...",""
"Chotanagpur Law College - [CLC], Ranchi","5.9/10","Ranchi, Jharkhand","BCI, NAAC-A","₹34.2 K / yr LLB - avg fee","LSAT Ind...",""
"Vidyasthali Law College, Jaipur","5.9/10","Jaipur, Rajasthan","","-- LLB",,
"Bhai Gurdas College of Law, Sangrur","5.9/10","Sangrur, Punjab","","₹35 K / yr LLB - avg fee",,
"Hurakadli Ajja Law College, Dharwad","5.9/10","Dharwad, Karnataka","BCI, NAAC","-- LLB",,
"S.K.J. Law College, Muzaffarpur","5.9/10","Muzaffarpur, Bihar","BCI","-- LLB",,
"Chanderprabhu Jain College of Higher Studies & School of Law, New Delhi","5.9/10","New Delhi, Delhi NCR","BCI","₹67.4 K / yr LLB - avg fee","IPU CET","3.9 / 5 5 reviews"
"Govind Ramnath Kare College of Law, South Goa","5.9/10","South Goa, Goa","BCI, UGC","₹8.02 K / yr LLB - avg fee",,
"Adarsha Law College, Warangal","5.9/10","Warangal, Telangana","BCI","₹13.2 K / yr LLB - avg fee","TS LAWCE...",""
"Teerthanker Mahaveer College of Law, Moradabad","5.8/10","Moradabad, Uttar Pradesh","AICTE","₹26.1 K / yr LLB - avg fee",,
"Visakha Law College, Visakhapatnam","5.8/10","Visakhapatnam, Andhra Pradesh","BCI","-- LLB","AP LAWCE...",""
"Indore Institute of Law - [IIL], Indore","5.8/10","Indore, Madhya Pradesh","BCI","₹30 K / yr LLB - avg fee","CLAT","3.7 / 5 4 reviews"
"Law College Dehradun - [LCD], Dehradun","5.8/10","Dehradun, Uttarakhand","BCI","₹35.9 K / yr LLB - avg fee",,""
"SBRR Mahajana Law College, Mysore","5.8/10","Mysore, Karnataka","","-- LLB",,""
"Indira Priyadarshini Law College - [IPLC], Ongole","5.8/10","Ongole, Andhra Pradesh","BCI","₹36 K / yr LLB - avg fee","AP LAWCE...",""
"Vivekananda College of Law, Bangalore","5.8/10","Bangalore, Karnataka","BCI","₹60 K / yr LLB - avg fee",,
"IMS Unison University - [IUU], Dehradun","5.8/10","Dehradun, Uttarakhand","BCI, AICTE, NAAC, NBA","₹1.04 L / yr LLB - avg fee","CLAT","4.1 / 5 20 reviews"
"Chanakya Law College, Udham Singh Nagar","5.8/10","Udham Singh Nagar, Uttarakhand","BCI","₹18.8 K / yr LLB - avg fee",,""
"D.E.S's Shri. Navalmal Firodia Law College - [DES SNFLC], Pune","5.8/10","Pune, Maharashtra","BCI","₹14.8 K / yr LLB - avg fee",,
"Raja Lakhamgouda Law College, Belgaum","5.8/10","Belgaum, Karnataka","NAAC-B","₹24.5 K / yr LLB - avg fee","CLAT","1.9 / 5 2 reviews"
"Bimal Chandra College of Law - [BCCL], Murshidabad","5.8/10","Murshidabad, West Bengal","BCI","₹22 K / yr LLB - avg fee",,
"Dr. Ambedkar College of Law, Mumbai","5.8/10","Mumbai, Maharashtra","NCTE","₹7.17 K / yr LLB - avg fee","MH CET L...",""
"Ismail Saheb Mulla Law College, Satara","5.8/10","Satara, Maharashtra","NAAC, UGC","-- LLB",,""
"Siddhartha Law College, Dehradun","5.8/10","Dehradun, Uttarakhand","","₹60 K / yr LLB - avg fee",,
"Veeravalli College of Law, Rajahmundhry","5.8/10","Rajahmundhry, Andhra Pradesh","","₹66.7 K / yr LLB - avg fee","AP LAWCE...","2 / 5 1 reviews"
"ICFAI Law School, Hyderabad","5.7/10","Hyderabad, Telangana","BCI","₹1.74 L / yr LLB - avg fee","CLAT",""
"KC Law College, Mumbai","5.7/10","Mumbai, Maharashtra","BCI","₹7.66 K / yr LLB - avg fee","MH CET L...","3.7 / 5 2 reviews"
"KCL Institute of Laws, Jalandhar","5.7/10","Jalandhar, Punjab","PCI","-- LLB",,
"M Krishna Law College, Hassan","5.7/10","Hassan, Karnataka","BCI, NAAC-B","₹1.38 K / yr LLB - avg fee",,
"JB Law College, Guwahati","5.7/10","Guwahati, Assam","UGC","₹12 K / yr LLB - avg fee",,
"Altius Institute of Universal Studies, Indore","5.7/10","Indore, Madhya Pradesh","UGC, NAAC-A","₹94.1 K / yr LLB - avg fee",,
"Government Law College, Thiruvananthapuram","5.7/10","Thiruvananthapuram, Kerala","BCI","₹15 K / yr LLB - avg fee","CLAT",""
"St Wilfreds College of Law, Jaipur","5.7/10","Jaipur, Rajasthan","BCI","-- LLB",,
"Jagannath University, Jaipur","5.7/10","Jaipur, Rajasthan","NAAC, UGC","₹96.1 K / yr LLB - avg fee","CLAT","3.7 / 5 28 reviews"
"Baba Saheb Bhimrao Ambedkar Law College - [BSBRALC], Lucknow","5.7/10","Lucknow, Uttar Pradesh","BCI, UGC","₹57.1 K / yr LLB - avg fee",,
"Ganjam Law College, Berhampore","5.7/10","Berhampore, Orissa","BCI","₹28.2 K / yr LLB - avg fee",,
"Seshadripuram Law College, Bangalore","5.7/10","Bangalore, Karnataka","BCI","₹90 K / yr LLB - avg fee",,""
"Vidyavardhaka Law College - [VVLC], Mysore","5.7/10","Mysore, Karnataka","","-- LLB",,
"PES Law College, Mandya","5.7/10","Mandya, Karnataka","BCI","₹10 K / yr LLB - avg fee","CLAT",""
"Institute of Professional Excellence and Management - [IPEM], Ghaziabad","5.7/10","Ghaziabad, Uttar Pradesh","NCTE, AICTE, NAAC-B","₹46 K / yr LLB - avg fee",,""
"Sarada Vilas Law College, Mysore","5.7/10","Mysore, Karnataka","","₹2.4 K / yr LLB - avg fee",,
"Pendekanti Law College, Hyderabad","5.7/10","Hyderabad, Telangana","BCI","₹12.1 K / yr LLB - avg fee",,
"Lloyd Law College, Greater Noida","5.6/10","Greater Noida, Uttar Pradesh","BCI","₹41 K / yr LLB - avg fee","CLAT","3.4 / 5 5 reviews"
"Babu Banarasi Das University - [BBDU], Lucknow","5.6/10","Lucknow, Uttar Pradesh","AICTE, NAAC","₹70 K / yr LLB - avg fee","CLAT","3.3 / 5 20 reviews"
"VELS University, Chennai","5.6/10","Chennai, Tamil Nadu","AICTE, NAAC-B","₹1.51 L / yr LLB - avg fee","VEE","4.1 / 5 12 reviews"
"Central India College of Law & LLM, Nagpur","5.6/10","Nagpur, Maharashtra","BCI","₹30 K / yr LLB - avg fee","MH CET L...",""
"Jitendra Chauhan College of Law - [JCCL], Mumbai","5.6/10","Mumbai, Maharashtra","BCI","₹6 K / yr LLB - avg fee","MH CET L...","3.5 / 5 2 reviews"
"Patna University - [PU], Patna","5.6/10","Patna, Bihar","BCI, AICTE, UGC, DEB","₹1.72 K / yr LLB - avg fee",,""
"Midnapore Law College, Midnapore","5.6/10","Midnapore, West Bengal","BCI","₹28 K / yr LLB - avg fee",,""
"Ideal Institute of Management and Technology & School of Law - [IIMT], New Delhi","5.6/10","New Delhi, Delhi NCR","BCI, AICTE, NAAC-A","₹55.5 K / yr LLB - avg fee","IPU CET","2.8 / 5 3 reviews"
"Chanakya National Law University - [CNLU], Patna","5.6/10","Patna, Bihar","NAAC-A","₹1.29 L / yr LLB - avg fee","CLAT","2.9 / 5 5 reviews"
"Seth Shankarlal Lahoti Law College, Gulbarga","5.6/10","Gulbarga, Karnataka","BCI, NAAC-B","-- LLB",,
"KIIT School of Law - [KSOL], Bhubaneswar","5.6/10","Bhubaneswar, Orissa","BCI","₹3.09 L / yr LLB - avg fee","KIITEE","3.1 / 5 3 reviews"
"Indira Priyadarshini College of Law, Bangalore","5.6/10","Bangalore, Karnataka","BCI","-- LLB",,
"Baba Farid Law College, Faridkot","5.6/10","Faridkot, Punjab","","₹30.6 K / yr LLB - avg fee",,""
"Rizvi Law College - [RLC], Mumbai","5.6/10","Mumbai, Maharashtra","BCI","₹5.52 K / yr LLB - avg fee",,""
"MRVRGR Law College, Vizianagaram","5.6/10","Vizianagaram, Andhra Pradesh","AICTE","-- LLB",,
"Vivekananda Institute of Professional Studies - [VIPS], New Delhi","5.5/10","New Delhi, Delhi NCR","BCI, AICTE, NAAC-A","₹88.5 K / yr LLB - avg fee","IPU CET","3.7 / 5 45 reviews"
"Integrated School of Law - [ISL], Ghaziabad","5.5/10","Ghaziabad, Uttar Pradesh","","₹40 K / yr LLB - avg fee",,""
"Manair College of Law, Khammam","5.5/10","Khammam, Telangana","BCI","₹13.5 K / yr LLB - avg fee","TS LAWCE...",""
"Vaish College of Law - [VCL], Rohtak","5.5/10","Rohtak, Haryana","","-- LLB",,""
"Kingston Law College - [KLC], Kolkata","5.5/10","Kolkata, West Bengal","BCI","-- LLB",,
"VM Salgaocar College of Law, Panji","5.5/10","Panji, Goa","BCI","₹9 K / yr LLB - avg fee",,
"KKC College of Law, Chittoor","5.5/10","Chittoor, Andhra Pradesh","AICTE","-- LLB",,
"Jyotirmoy School of Law, Kolkata","5.5/10","Kolkata, West Bengal","BCI","₹37 K / yr LLB - avg fee",,
"GH Raisoni Law School, Nagpur","5.4/10","Nagpur, Maharashtra","BCI, AICTE","₹17 K / yr LLB - avg fee",,""
"Babasaheb Bhimrao Ambedkar University - [BBAU], Lucknow","5.4/10","Lucknow, Uttar Pradesh","UGC, NAAC-A, MHRD","₹15.6 K / yr LLB - avg fee",,""
"PES Law College, Mumbai","5.4/10","Mumbai, Maharashtra","BCI","₹12.7 K / yr LLB - avg fee","MH CET L...",""
"Daulatbhai Trivedi Law College, Ahmedabad","5.1/10","Ahmedabad, Gujarat","BCI","-- LLB",,
"Rabindra Shiksha Sammillani Law College, Kolkata","5.1/10","Kolkata, West Bengal","BCI","₹36.1 K / yr LLB - avg fee","CLAT",""
"NIMS University, Jaipur","4.9/10","Jaipur, Rajasthan","PCI, BCI, UGC, AIU","₹43 K / yr LLB - avg fee","AILET","3.7 / 5 6 reviews"
"Sri Balaji Society, Balaji Law College - [BLC] Thathawade, Pune","4.9/10","Pune, Maharashtra","BCI","₹25 K / yr LLB - avg fee","MH CET L...",""
"City Academy Law College, Lucknow","4.9/10","Lucknow, Uttar Pradesh","BCI","₹40 K / yr LLB - avg fee",,
"Siddharth College of Law, Mumbai","4.9/10","Mumbai, Maharashtra","BCI","-- LLB",,""
"National Law University Odisha - [NLUO], Cuttack","4.9/10","Cuttack, Orissa","NAAC-A","₹1.32 L / yr LLB - avg fee","CLAT","3.2 / 5 1 reviews"
"Jayoti Vidyapeeth Women's University - [JVWU], Jaipur","4.9/10","Jaipur, Rajasthan","NCTE, PCI, CCH, CCIM, BCI","₹60 K / yr LLB - avg fee",,""
"Shri Jai Narain PG College, Lucknow","4.6/10","Lucknow, Uttar Pradesh","NAAC","-- LLB",,""
"Maneklal Nanavati Law College, Ahmedabad","4.6/10","Ahmedabad, Gujarat","BCI","-- LLB",,
"JECRC University - [JU], Jaipur","4.3/10","Jaipur, Rajasthan","AICTE, UGC","₹72.2 K / yr LLB - avg fee",,""
"Mahatma Jyoti Rao Phoole University - [MJRP], Jaipur","3.3/10","Jaipur, Rajasthan","NCTE, PCI, BCI, AICTE, UGC","₹66.2 K / yr LLB - avg fee",,""
"Indian Institute of Technology - [IIT], Kharagpur","9.8/10","Kharagpur, West Bengal","AICTE, UGC","₹1.14 L / yr LLB - avg fee",,""
"Christ University, Bangalore","9.2/10","Bangalore, Karnataka","UGC, NAAC-A","₹1.78 L / yr LLB - avg fee",,""
"Narsee Monjee Institute of Management Studies - [NMIMS University], Mumbai","8.4/10","Mumbai, Maharashtra","NAAC, UGC","₹1.45 L / yr LLB - avg fee","CLAT","3.9 / 5 56 reviews"
"Guru Gobind Singh Indraprastha University - [GGSIPU], New Delhi","8.4/10","New Delhi, Delhi NCR","AICTE, UGC, NAAC-A","₹18.6 K / yr LLB - avg fee","IPU CET","3.9 / 5 36 reviews"
"Maharaja Sayajirao University of Baroda - [MSU], Baroda","8.4/10","Baroda, Gujarat","NAAC, UGC","₹39.1 K / yr LLB - avg fee",,""
"Jamia Millia Islamia University-[JMI], New Delhi","8.4/10","New Delhi, Delhi NCR","AICTE, UGC, NAAC-A","₹40 K / yr LLB - avg fee","JMI BA L...","3.9 / 5 69 reviews"
"O. P. Jindal Global University - [JGU], Sonepat","8.3/10","Sonepat, Haryana","BCI, UGC, NAAC-A","₹5.6 L / yr LLB - avg fee","LSAT Ind...","4.1 / 5 15 reviews"
"University of Delhi - [DU], New Delhi","8.3/10","New Delhi, Delhi NCR","AICTE, UGC","-- LLB",,""
"Maharshi Dayanand University - [MDU], Rohtak","8.2/10","Rohtak, Haryana","UGC, NAAC-A","₹4.94 K / yr LLB - avg fee",,""
"SRM University Kattankulathur Campus - [SRM], Kanchipuram","8.2/10","Kanchipuram, Tamil Nadu","UGC, NAAC-A","₹1.52 L / yr LLB - avg fee",,""
"University of Calcutta, Kolkata","8.2/10","Kolkata, West Bengal","NAAC-A","₹1.8 K / yr LLB - avg fee",,""
"Devi Ahilya Vishwavidyalaya, Indore","8.1/10","Indore, Madhya Pradesh","UGC, NAAC-A","₹43.6 K / yr LLB - avg fee","CLAT","3.6 / 5 14 reviews"
"Osmania University - [OU], Hyderabad","7.9/10","Hyderabad, Telangana","AICTE, UGC, NAAC-A","₹2.05 K / yr LLB - avg fee","TS LAWCE...","3.6 / 5 24 reviews"
"PES University - [PESU], Bangalore","7.9/10","Bangalore, Karnataka","AICTE, NAAC, UGC","₹2 L / yr LLB - avg fee",,""
"SASTRA University, Thanjavur","7.8/10","Thanjavur, Tamil Nadu","UGC, NAAC-A","₹1.04 L / yr LLB - avg fee","CLAT","4.2 / 5 79 reviews"
"University of Mumbai, Mumbai","7.7/10","Mumbai, Maharashtra","UGC, NAAC-A","₹50.9 K / yr LLB - avg fee","MUCLET","3.4 / 5 26 reviews"
"Bharati Vidyapeeth University - [BVU], Pune","7.7/10","Pune, Maharashtra","NAAC, UGC","₹75 K / yr LLB - avg fee","BVP CET","3.6 / 5 15 reviews"
"Banasthali University, Jaipur","7.5/10","Jaipur, Rajasthan","UGC, NAAC-A","₹1.17 L / yr LLB - avg fee",,""
"Noida International University - [NIU], Gautam Budh Nagar","7.5/10","Gautam Budh Nagar, Uttar Pradesh","AICTE, UGC","₹92.4 K / yr LLB - avg fee",,""
"Savitribai Phule Pune University - [SPPU], Pune","7.3/10","Pune, Maharashtra","UGC, NAAC-A","₹18.3 K / yr LLB - avg fee",,""
"Amity University, Noida","7.3/10","Noida, Uttar Pradesh","NAAC, UGC","₹2.96 L / yr LLB - avg fee",,""
"Banaras Hindu University - [BHU], Varanasi","7.3/10","Varanasi, Uttar Pradesh","NAAC, UGC, AIU","₹1.39 K / yr LLB - avg fee","BLAT","4.1 / 5 55 reviews"
"Madhav University - [MU], Sirohi","7.2/10","Sirohi, Rajasthan","NCTE, PCI, AICTE, BCI, UGC","₹49.9 K / yr LLB - avg fee","CLAT",""
"OPJS University, Churu","7.2/10","Churu, Rajasthan","NCTE, COA, AICTE, BCI, UGC","₹31.2 K / yr LLB - avg fee",,""
"Kristu Jayanti College - [KJC], Bangalore","7.1/10","Bangalore, Karnataka","BCI, AICTE, NAAC","-- LLB",,""
"Chaudhary Charan Singh University - [CCS], Meerut","7.1/10","Meerut, Uttar Pradesh","UGC, NAAC-B","₹32.9 K / yr LLB - avg fee",,""
"Aligarh Muslim University - [AMU], Aligarh","7.1/10","Aligarh, Uttar Pradesh","NAAC, UGC","₹12 K / yr LLB - avg fee","AMU BA L...","4.1 / 5 41 reviews"
"Ansal University- [AU], Gurgaon","7.0/10","Gurgaon, Haryana","UGC","₹1.87 L / yr LLB - avg fee","CLAT","4 / 5 19 reviews"
"Rayat Bahra University, Mohali","7.0/10","Mohali, Punjab","NCTE, AICTE, UGC","₹50 K / yr LLB - avg fee",,""
"Bundelkhand University, Jhansi","6.9/10","Jhansi, Uttar Pradesh","AICTE, NAAC, UGC","₹16 K / yr LLB - avg fee",,""
"Dr. D.Y. Patil Vidya Pratishthan Society's, Pune","6.9/10","Pune, Maharashtra","NCTE, AICTE, NAAC, NBA","-- LLB","MH CET L...","3.4 / 5 2 reviews"
"Siksha 'O' Anusandhan University - [SOA], Bhubaneswar","6.9/10","Bhubaneswar, Orissa","UGC, NAAC-A","₹98 K / yr LLB - avg fee","CLAT","4.2 / 5 13 reviews"
"Dr. C.V. Raman University - [CVRU], Bilaspur","6.9/10","Bilaspur, Chhattisgarh","NCTE, BCI, AICTE, UGC, DEB","₹36 K / yr LLB - avg fee",,""
"Desh Bhagat University - [DBU], Gobindgarh","6.8/10","Gobindgarh, Punjab","UGC","₹58.3 K / yr LLB - avg fee",,""
"Jiwaji University, Gwalior","6.8/10","Gwalior, Madhya Pradesh","UGC","₹27.7 K / yr LLB - avg fee",,""
"Bahra University - [BU], Shimla","6.8/10","Shimla, Himachal Pradesh","PCI, BCI, UGC","₹59.5 K / yr LLB - avg fee",,""
"University of Mysore - [UOM], Mysore","6.8/10","Mysore, Karnataka","UGC, NAAC-A, AIU","₹25.4 K / yr LLB - avg fee","CLAT","3.3 / 5 5 reviews"
"ITM University, Gwalior","6.8/10","Gwalior, Madhya Pradesh","AICTE, NAAC, UGC","₹75 K / yr LLB - avg fee","CLAT","3.8 / 5 50 reviews"
"Invertis University, Bareilly","6.7/10","Bareilly, Uttar Pradesh","NCTE, BCI, AICTE, UGC, NBA","₹50 K / yr LLB - avg fee",,""
"AISECT University, Bhopal","6.7/10","Bhopal, Madhya Pradesh","NCTE, AICTE","-- LLB",,
"Kumaun University, Nainital","6.7/10","Nainital, Uttarakhand","NAAC-A","₹17.8 K / yr LLB - avg fee",,""
"Kolhan University, Chaibasa","6.7/10","Chaibasa, Jharkhand","UGC","-- LLB",,
"Mangalayatan University - [MU], Aligarh","6.7/10","Aligarh, Uttar Pradesh","NCTE, COA, PCI, BCI, UGC","₹46.7 K / yr LLB - avg fee",,""
"BS Anangpuria Institute of Education, Faridabad","6.7/10","Faridabad, Haryana","NCTE, AICTE","-- LLB",,""
"Hemwati Nandan Bahuguna Garhwal University, Garhwal","6.7/10","Garhwal, Uttarakhand","PCI, AICTE, UGC, NAAC-A","₹5.38 K / yr LLB - avg fee",,""
"Pacific University, Udaipur","6.7/10","Udaipur, Rajasthan","UGC, AIU","₹36.2 K / yr LLB - avg fee",,""
"Fairfield Institute of Management and Technology - [FIMT], New Delhi","6.6/10","New Delhi, Delhi NCR","NAAC","₹55.5 K / yr LLB - avg fee",,""
"INMANTEC Institutions, Ghaziabad","6.6/10","Ghaziabad, Uttar Pradesh","AICTE","₹40 K / yr LLB - avg fee",,""
"Rajiv Gandhi College, Bhopal","6.6/10","Bhopal, Madhya Pradesh","NCTE, CCIM, BCI, AICTE, UGC","₹12 K / yr LLB - avg fee","CLAT","3.4 / 5 7 reviews"
"Kurukshetra University - [KUK], Kurukshetra","6.6/10","Kurukshetra, Haryana","NCTE, BCI, NCHMCT, AICTE, NAAC","₹49.5 K / yr LLB - avg fee",,""
"Jai Narain Vyas University - [JNVU], Jodhpur","6.6/10","Jodhpur, Rajasthan","UGC, NAAC-B","₹36.4 K / yr LLB - avg fee",,""
"Shobhit University, Meerut","6.6/10","Meerut, Uttar Pradesh","UGC, NAAC-B","₹77 K / yr LLB - avg fee",,""
"Himgiri Zee University - [HZU], Dehradun","6.6/10","Dehradun, Uttarakhand","NCTE, UGC","₹56 K / yr LLB - avg fee",,
"KR Mangalam University, Gurgaon","6.6/10","Gurgaon, Haryana","NCTE, COA, PCI, BCI, UGC","₹1.47 L / yr LLB - avg fee",,""
"Teerthanker Mahaveer University - [TMU], Moradabad","6.6/10","Moradabad, Uttar Pradesh","UGC","₹48.4 K / yr LLB - avg fee",,""
"Eastern Institute for Integrated Learning in Management - [EIILM University], West Sikkim","6.6/10","West Sikkim, Sikkim","AICTE, UGC","-- LLB",,""
"GITAM, Visakhapatnam","6.6/10","Visakhapatnam, Andhra Pradesh","UGC, NAAC-A","₹1.55 L / yr LLB - avg fee",,""
"AJ Aviation Academy, Bangalore","6.6/10","Bangalore, Karnataka","UGC","₹8.95 K / yr LLB - avg fee",,
"Institute of Management Education Group of Colleges - [IME], Ghaziabad","6.6/10","Ghaziabad, Uttar Pradesh","NAAC-B","₹50 K / yr LLB - avg fee",,""
"Indus International University - [IIU], Una","6.6/10","Una, Himachal Pradesh","UGC","₹52 K / yr LLB - avg fee",,
"Navrachana University - [NUV], Vadodara","6.6/10","Vadodara, Gujarat","UGC","₹96 K / yr LLB - avg fee",,""
"Career Point University - [CPU], Kota","6.6/10","Kota, Rajasthan","AICTE, UGC","₹1.62 L / yr LLB - avg fee",,""
"Shridhar University, Pilani","6.6/10","Pilani, Rajasthan","BCI, AICTE, UGC","₹27.6 K / yr LLB - avg fee",,""
"Shoolini University, Solan","6.5/10","Solan, Himachal Pradesh","PCI, AICTE, NAAC, UGC","₹2.28 L / yr LLB - avg fee",,""
"Andhra University - [AU], Visakhapatnam","6.5/10","Visakhapatnam, Andhra Pradesh","AICTE, UGC, NAAC-A","₹11 K / yr LLB - avg fee",,""
"K L University - [KLU], Guntur","6.5/10","Guntur, Andhra Pradesh","AICTE, UGC, NAAC-A","₹1.03 L / yr LLB - avg fee",,""
"Guru Nanak Dev University - [GNDU], Amritsar","6.5/10","Amritsar, Punjab","UGC, NAAC-A","₹32.5 K / yr LLB - avg fee",,""
"Assam University, Silchar","6.5/10","Silchar, Assam","UGC","₹12.9 K / yr LLB - avg fee",,""
"Tilka Manjhi Bhagalpur University - [TMBU], Bhagalpur","6.4/10","Bhagalpur, Bihar","AICTE, UGC, NAAC-B","-- LLB",,
"Mewar University - [MU], Chittorgarh","6.4/10","Chittorgarh, Rajasthan","AICTE, UGC","₹55 K / yr LLB - avg fee",,""
"DY Patil University, Navi Mumbai","6.4/10","Navi Mumbai, Maharashtra","NAAC-A","₹5.52 K / yr LLB - avg fee",,""
"Shri Ramswaroop Memorial University - [SRMU], Lucknow","6.4/10","Lucknow, Uttar Pradesh","NCTE, BCI, UGC, AIU","₹78 K / yr LLB - avg fee",,""
"Swami Vivekanand Subharti University - [SVSU], Meerut","6.4/10","Meerut, Uttar Pradesh","NCTE, DCI, PCI, INC, MCI","₹44.5 K / yr LLB - avg fee",,""
"University of Rajasthan, Jaipur","6.3/10","Jaipur, Rajasthan","UGC","₹7.4 K / yr LLB - avg fee","RULET","3.7 / 5 18 reviews"
"SunRise University - [SRU], Alwar","6.3/10","Alwar, Rajasthan","AICTE, UGC, NBA","₹34 K / yr LLB - avg fee",,""
"North-Eastern Hill University - [NEHU], Shillong","6.3/10","Shillong, Meghalaya","NAAC, UGC","₹16.1 K / yr LLB - avg fee",,""
"Ranchi University, Ranchi","6.2/10","Ranchi, Jharkhand","UGC, NAAC-B","-- LLB",,""
"Barkatullah University - [BU], Bhopal","6.2/10","Bhopal, Madhya Pradesh","UGC, NAAC-B","₹20.6 K / yr LLB - avg fee",,""
"Maharishi Markandeshwar University - [MMU] Mullana Campus, Ambala","6.2/10","Ambala, Haryana","AICTE, UGC, NAAC-A, AIU","₹52 K / yr LLB - avg fee",,""
"Shivaji University - [SUK], Kolhapur","6.2/10","Kolhapur, Maharashtra","UGC, NAAC-A","₹2.58 K / yr LLB - avg fee",,""
"Shree Guru Gobind Singh Tricentenary University - [SGT], Gurgaon","6.1/10","Gurgaon, Haryana","MCI, AICTE, BCI, UGC","₹1.2 L / yr LLB - avg fee",,""
"Karnataka State Law University - [KSLU], Hubli","6.1/10","Hubli, Karnataka","BCI, UGC, NAAC-A","₹5.22 K / yr LLB - avg fee",,
"Manav Rachna University - [MRU], Faridabad","6.1/10","Faridabad, Haryana","UGC, NAAC-A","₹1.83 L / yr LLB - avg fee",,""
"Pt. Ravishankar Shukla University - [PRSU], Raipur","6.1/10","Raipur, Chhattisgarh","NCTE, AICTE, UGC, NAAC-A","₹12.9 K / yr LLB - avg fee",,
"University of Allahabad, Allahabad","6.1/10","Allahabad, Uttar Pradesh","NCTE, UGC, NAAC-B","₹1.21 K / yr LLB - avg fee","Allahaba...","3.5 / 5 20 reviews"
"Jaipur National University - [JNU], Jaipur","6.1/10","Jaipur, Rajasthan","AICTE, NAAC, UGC","₹1 L / yr LLB - avg fee",,""
"Dibrugarh University, Dibrugarh","6.1/10","Dibrugarh, Assam","NAAC, UGC, AIU","₹29.2 K / yr LLB - avg fee","Dibrugar...","3.9 / 5 3 reviews"
"University of Jammu, Jammu","6.0/10","Jammu, Jammu and Kashmir","UGC","₹1 L / yr LLB - avg fee","JUET","2.9 / 5 1 reviews"
"Chaudhary Devi Lal University - [CDLU], Sirsa","6.0/10","Sirsa, Haryana","BCI, UGC","₹26.7 K / yr LLB - avg fee",,""
"University of Kashmir, Srinagar","6.0/10","Srinagar, Jammu and Kashmir","UGC, NAAC-A","₹4.5 K / yr LLB - avg fee",,""
"Amity University, Gurgaon","6.0/10","Gurgaon, Haryana","RCI, COA, INC, BCI, AICTE","₹2.09 L / yr LLB - avg fee",,""
"Panjab University - [PU], Chandigarh","6.0/10","Chandigarh, Chandigarh","AICTE, NAAC","₹62.7 K / yr LLB - avg fee","PU LLB","3.9 / 5 38 reviews"
"Rai University - [RU], Ahmedabad","6.0/10","Ahmedabad, Gujarat","BCI, UGC, AIU","₹40 K / yr LLB - avg fee",,""
"RKDF University, Bhopal","6.0/10","Bhopal, Madhya Pradesh","NCTE, PCI, AICTE, UGC","₹25 K / yr LLB - avg fee",,""
"Amity University, Jaipur","6.0/10","Jaipur, Rajasthan","AICTE, UGC","₹1.56 L / yr LLB - avg fee",,""
"Alliance University, Bangalore","5.9/10","Bangalore, Karnataka","DCI","₹2 L / yr LLB - avg fee","ACLAT","3.7 / 5 32 reviews"
"Gauhati University - [GU], Guwahati","5.9/10","Guwahati, Assam","AICTE, NAAC, UGC","₹28.2 K / yr LLB - avg fee",,""
"Bharath University, Chennai","5.9/10","Chennai, Tamil Nadu","AICTE, UGC, NAAC-A","₹1.22 L / yr LLB - avg fee",,""
"Techno India University, Kolkata","5.9/10","Kolkata, West Bengal","AICTE, NBA","-- LLB",,""
"Guru Ghasidas Vishwavidyalaya - [GGU], Bilaspur","5.9/10","Bilaspur, Chhattisgarh","AICTE, UGC","₹4.94 K / yr LLB - avg fee",,""
"Jain University - [JU], Bangalore","5.9/10","Bangalore, Karnataka","AICTE, UGC, NAAC-A, MHRD","₹3 L / yr LLB - avg fee","CLAT","3.7 / 5 26 reviews"
"Kalinga Institute of Industrial Technology - [KIIT University], Bhubaneswar","5.9/10","Bhubaneswar, Orissa","DCI, INC, MCI, BCI, AICTE","₹3.09 L / yr LLB - avg fee","KIITEE","4.3 / 5 152 reviews"
"Jodhpur National University - [JNU], Jodhpur","5.9/10","Jodhpur, Rajasthan","DCI, BCI, AICTE, UGC, AIU","₹72.2 K / yr LLB - avg fee","CLAT","2.9 / 5 7 reviews"
"Galgotias University - [GU], Greater Noida","5.9/10","Greater Noida, Uttar Pradesh","AICTE, UGC","₹1.1 L / yr LLB - avg fee","LSAT Ind...","3.4 / 5 94 reviews"
"Guru Nanak Dev University Regional Campus, Gurdaspur","5.9/10","Gurdaspur, Punjab","AICTE, UGC","₹52.1 K / yr LLB - avg fee","CLAT","3.1 / 5 3 reviews"
"Deen Dayal Upadhyaya Gorakhpur University - [DDU], Gorakhpur","5.8/10","Gorakhpur, Uttar Pradesh","UGC, NAAC-B","-- LLB",,""
"RIMT University, Gobindgarh","5.8/10","Gobindgarh, Punjab","AICTE, UGC","₹61 K / yr LLB - avg fee",,""
"Prestige Institute of Management and Research - [PIMR], Indore","5.8/10","Indore, Madhya Pradesh","AICTE, NBA, NAAC-A","₹1.11 L / yr LLB - avg fee",,""
"Government Kamla Raja Girls Post Graduate Autonomous College, Gwalior","5.8/10","Gwalior, Madhya Pradesh","NAAC","₹16 K / yr LLB - avg fee",,""
"Himachal Pradesh University - [HPU], Shimla","5.7/10","Shimla, Himachal Pradesh","NAAC-A","₹75.9 K / yr LLB - avg fee",,""
"Mahatma Gandhi University - [MGU], Kottayam","5.7/10","Kottayam, Kerala","NAAC, UGC","₹25 K / yr LLB - avg fee","MGU CAT","3.4 / 5 1 reviews"
"Shreemati Nathibai Damodar Thackersey Women's University - [SNDT], Mumbai","5.7/10","Mumbai, Maharashtra","NAAC, UGC","-- LLB",,""
"Chankya Mahavidyalaya, Bhopal","5.7/10","Bhopal, Madhya Pradesh","UGC","-- LLB",,
"Kannur University, Kannur","5.7/10","Kannur, Kerala","NAAC-B","₹14 K / yr LLB - avg fee",,""
"MATS University, Raipur","5.7/10","Raipur, Chhattisgarh","NCTE, BCI, AICTE, NAAC, UGC","₹48 K / yr LLB - avg fee","CLAT","3.5 / 5 31 reviews"
"Karnavati University - [KU], Gandhi Nagar","5.6/10","Gandhi Nagar, Gujarat","BCI, AICTE, NAAC, UGC","-- LLB",,
"Harish Chandra Post Graduate College, Varanasi","5.6/10","Varanasi, Uttar Pradesh","AICTE, NAAC, UGC","₹3.19 K / yr LLB - avg fee","CLAT","2.9 / 5 3 reviews"
"Gondwana University - [GU], Gadchiroli","5.6/10","Gadchiroli, Maharashtra","NAAC, UGC, AIU","₹38.2 K / yr LLB - avg fee",,
"Bhagwati College of Science, Meerut","5.6/10","Meerut, Uttar Pradesh","NCTE, BCI, NAAC, UGC","-- LLB",,
"BR Ambedkar Bihar University - [BRABU], Muzaffarpur","5.6/10","Muzaffarpur, Bihar","NAAC, UGC, AIU","-- LLB",,""
"Punjabi University - [PU], Patiala","5.5/10","Patiala, Punjab","UGC, NAAC-A","₹43 K / yr LLB - avg fee",,""
"Uttaranchal University, Dehradun","5.5/10","Dehradun, Uttarakhand","BCI, AICTE, UGC","₹1.29 L / yr LLB - avg fee",,""
"Career College, Bhopal","5.4/10","Bhopal, Madhya Pradesh","NAAC-A","₹30 K / yr LLB - avg fee",,""
"Mohanlal Sukhadia University - [MLSU], Udaipur","5.4/10","Udaipur, Rajasthan","PCI, BCI, AICTE, UGC, NAAC-A","₹30 K / yr LLB - avg fee",,""
"Chandigarh University - [CU], Chandigarh","5.4/10","Chandigarh, Chandigarh","AICTE, UGC, AIU","₹79 K / yr LLB - avg fee",,""
"Saveetha University, Chennai","5.4/10","Chennai, Tamil Nadu","NAAC, UGC","₹1.55 L / yr LLB - avg fee",,""
"Amity University, Lucknow","5.4/10","Lucknow, Uttar Pradesh","AICTE, UGC, NAAC-A","₹1.91 L / yr LLB - avg fee",,""
"ICFAI Foundation for Higher Education - [IFHE], Hyderabad","5.4/10","Hyderabad, Telangana","UGC","₹1.74 L / yr LLB - avg fee",,""
"Mahatma Gandhi University - [MGU], Ri-Bhoi","5.4/10","Ri-Bhoi, Meghalaya","BCI, UGC, DEB, AIU","-- LLB",,
"IFTM University, Moradabad","5.4/10","Moradabad, Uttar Pradesh","NAAC, UGC","₹44 K / yr LLB - avg fee",,""
"Dr. Hari Singh Gour University, Sagar","5.3/10","Sagar, Madhya Pradesh","NAAC-A","₹17.1 K / yr LLB - avg fee",,""
"Uttarakhand Technical University, Dehradun","5.3/10","Dehradun, Uttarakhand","AICTE, UGC","₹18.3 K / yr LLB - avg fee",,""
"Rashtrasant Tukadoji Maharaj Nagpur University - [RTMNU], Nagpur","5.3/10","Nagpur, Maharashtra","UGC, NAAC-A, AIU","₹35 K / yr LLB - avg fee",,""
"Prestige Institute of Management - [PIMG], Gwalior","5.3/10","Gwalior, Madhya Pradesh","AICTE","₹80.8 K / yr LLB - avg fee",,""
"Apeejay Stya University - [ASU], Gurgaon","5.2/10","Gurgaon, Haryana","UGC","₹1.64 L / yr LLB - avg fee",,""
"Oriental University - [OU], Indore","5.2/10","Indore, Madhya Pradesh","PCI, BCI, AICTE, UGC","₹54.5 K / yr LLB - avg fee",,""
"Lingaya's University, Faridabad","5.2/10","Faridabad, Haryana","NCTE, COA, PCI, BCI, AICTE","₹43.6 K / yr LLB - avg fee",,""
"Mody University, Sikar","5.2/10","Sikar, Rajasthan","AICTE, BCI, NBA","₹1.4 L / yr LLB - avg fee",,""
"Shobhit University, Gangoh","5.2/10","Gangoh, Uttar Pradesh","NAAC-A","₹35 K / yr LLB - avg fee","CLAT",""
"Arunachal University of Studies - [AUS], Lohit","5.2/10","Lohit, Arunachal Pradesh","UGC","₹35 K / yr LLB - avg fee",,
"Shia PG College, Lucknow","5.1/10","Lucknow, Uttar Pradesh","UGC","₹7.84 K / yr LLB - avg fee","CLAT","3.1 / 5 4 reviews"
"University of Kerala - [KU], Thiruvananthapuram","5.1/10","Thiruvananthapuram, Kerala","UGC, NAAC-A","₹3.5 K / yr LLB - avg fee",,""
"Indore Professional Studies Academy - [IPSA], Indore","5.1/10","Indore, Madhya Pradesh","AICTE","₹45 K / yr LLB - avg fee","CLAT","3.8 / 5 21 reviews"
"Institute of Management Studies - [IMS], Noida","5.0/10","Noida, Uttar Pradesh","AICTE, UGC, NAAC-A","₹100 K / yr LLB - avg fee",,""
"DAV PG College, Lucknow","4.9/10","Lucknow, Uttar Pradesh","BCI","₹4.61 K / yr LLB - avg fee","CLAT","2.2 / 5 2 reviews"
"University of Burdwan, Bardhaman","4.9/10","Bardhaman, West Bengal","AICTE, UGC, NAAC-B, AIU","₹30 K / yr LLB - avg fee",,""
"Bangalore University - [BU], Bangalore","4.9/10","Bangalore, Karnataka","UGC","₹13.5 K / yr LLB - avg fee",,""
"Gautam Buddha University - [GBU], Greater Noida","4.8/10","Greater Noida, Uttar Pradesh","RCI, COA, BCI, NAAC, UGC","₹89 K / yr LLB - avg fee",,""
"Tantia University, Sriganganagar","4.8/10","Sriganganagar, Rajasthan","INC, CCH, BCI, AICTE, UGC","₹38 K / yr LLB - avg fee",,
"Dr. Shakuntala Misra National Rehabilitation University, Lucknow","4.8/10","Lucknow, Uttar Pradesh","AICTE, UGC","₹56.3 K / yr LLB - avg fee",,
"Indore Christian College, Indore","4.7/10","Indore, Madhya Pradesh","BCI, NAAC","₹25.3 K / yr LLB - avg fee","CLAT",""
"Mahatma Gandhi Kashi Vidyapith - [MGKV], Varanasi","4.7/10","Varanasi, Uttar Pradesh","NAAC, UGC","₹3.19 K / yr LLB - avg fee",,""
"Tilak Maharashtra Vidyapeeth - [TMV], Pune","4.6/10","Pune, Maharashtra","AICTE","₹24.2 K / yr LLB - avg fee",,""
"Saifia College of Arts and Commerce, Bhopal","4.6/10","Bhopal, Madhya Pradesh","","-- LLB",,""
"Amity University, Gwalior","4.6/10","Gwalior, Madhya Pradesh","AICTE, UGC","₹1.25 L / yr LLB - avg fee",,""
"Manipal University - [MUJ], Jaipur","4.6/10","Jaipur, Rajasthan","UGC","₹1.4 L / yr LLB - avg fee",,""
"Kamla Nehru Institute of Physical and Social Sciences - [KNIPSS], Sultanpur","4.6/10","Sultanpur, Uttar Pradesh","NCTE, AICTE, NAAC","-- LLB",,""
"Dr. K.N. Modi University - [DKNMU] Newai, Tonk","4.6/10","Tonk, Rajasthan","AICTE, UGC","₹52.3 K / yr LLB - avg fee",,""
"JIMS Engineering Management Technical Campus- [JEMTEC], Greater Noida","4.6/10","Greater Noida, Uttar Pradesh","NCTE, AICTE, BCI","₹86 K / yr LLB - avg fee","IPU CET","2 / 5 1 reviews"
"Marwadi University - [MU], Rajkot","4.6/10","Rajkot, Gujarat","AICTE","₹1 L / yr LLB - avg fee",,""
"Parul University, Vadodara","4.6/10","Vadodara, Gujarat","COA, PCI, INC, GNC, MCI","₹1 L / yr LLB - avg fee","CLAT","3.7 / 5 14 reviews"
"C. U. Shah University, Wadhwan","4.6/10","Wadhwan, Gujarat","NCTE, PCI, BCI, AICTE, NAAC","₹34.4 K / yr LLB - avg fee",,
"ICFAI University, Dehradun","4.5/10","Dehradun, Uttarakhand","NCTE, AICTE, UGC","₹93 K / yr LLB - avg fee",,""
"Vikram University - [VU], Ujjain","4.4/10","Ujjain, Madhya Pradesh","UGC, NAAC-A","-- LLB",,""
"RJ School of Management Studies - [RJSMS], Baleswar","4.3/10","Baleswar, Orissa","AICTE, UGC, NAAC-A, AIU","-- LLB",,
"Veer Narmad South Gujarat University - [VNSGU], Surat","4.3/10","Surat, Gujarat","","₹53.8 K / yr LLB - avg fee",,""
"Integral University, Lucknow","4.3/10","Lucknow, Uttar Pradesh","PCI, MCI, NAAC, UGC","₹85 K / yr LLB - avg fee","IUET","3.5 / 5 28 reviews"
"Rani Durgavati Vishwavidyalaya, Jabalpur","3.7/10","Jabalpur, Madhya Pradesh","UGC, NAAC-B","₹20 K / yr LLB - avg fee",,""
"Sri Sathya Sai College for Women, Bhopal","3.5/10","Bhopal, Madhya Pradesh","NAAC, UGC","₹30 K / yr LLB - avg fee",,""
"Royal PG College, Lucknow","3.3/10","Lucknow, Uttar Pradesh","","-- LLB","CLAT",""
"Lords Universal College, Mumbai","2.7/10","Mumbai, Maharashtra","AICTE","₹13.8 K / yr LLB - avg fee","MH CET L...","3.4 / 5 10 reviews"
"University of North Bengal, Darjeeling","2.5/10","Darjeeling, West Bengal","NAAC-A","₹4.36 K / yr LLB - avg fee",,
"Abdul Razak Degree College - [ARDC], Jyotiba Phule Nagar","","Jyotiba Phule Nagar, Uttar Pradesh","NCTE, UGC","-- LLB",,
"Agra College, Agra","","Agra, Uttar Pradesh","NCTE, AICTE, NAAC-A","₹13.5 K / yr LLB - avg fee",,""
"Bareilly College, Bareilly","","Bareilly, Uttar Pradesh","UGC, NAAC-A","₹2.39 K / yr LLB - avg fee",,""
"Chowdhary Mahadev Prasad Degree College - [CMP College], Allahabad","","Allahabad, Uttar Pradesh","NAAC","-- LLB","Allahaba...","4.8 / 5 1 reviews"
"Chaudhary Charan Singh Post Graduate College, Etawah","","Etawah, Uttar Pradesh","NCTE, UGC","₹5.79 K / yr LLB - avg fee",,
"DAV College, Muzaffarnagar","","Muzaffarnagar, Uttar Pradesh","AICTE, NAAC, UGC","-- LLB","CLAT","4.4 / 5 2 reviews"
"Dharma Samaj College, Aligarh","","Aligarh, Uttar Pradesh","NAAC, UGC","-- LLB","CLAT","4.6 / 5 3 reviews"
"Dr Harivansh Rai Bachchan Mahavidyalaya, Unnao","","Unnao, Uttar Pradesh","AICTE","₹2.67 K / yr LLB - avg fee","CLAT",""
"Government Autonomous Post Graduate College, Chhindwara","","Chhindwara, Madhya Pradesh","UGC, NAAC-B","-- LLB",,
"Holy Cross College, Agartala","","Agartala, Tripura","NCTE","₹15 K / yr LLB - avg fee",,""
"Katni Arts and Commerce College - [KACC], Katni","","Katni, Madhya Pradesh","NAAC","-- LLB",,
"Maharani Laxmi Bai Government College of Excellence - [MLB], Gwalior","","Gwalior, Madhya Pradesh","NAAC-A","₹4.8 K / yr LLB - avg fee",,""
"Meerut College, Meerut","","Meerut, Uttar Pradesh","NAAC","-- LLB","CLAT","3.4 / 5 9 reviews"
"Munshi Singh College, Motihari","","Motihari, Bihar","NAAC-B","-- LLB",,
"Nanak Chand Anglo Sanskrit College, Meerut","","Meerut, Uttar Pradesh","NAAC","₹1.25 K / yr LLB - avg fee","CLAT","2.3 / 5 2 reviews"
"Nandini Nagar Mahavidyalaya - [NNMV], Gonda","","Gonda, Uttar Pradesh","NCTE","₹10 K / yr LLB - avg fee","CLAT",""
"Natwarlal Maniklal Dalal College of Arts Commerce Law and Management - [NMD], Gondiya","","Gondiya, Maharashtra","NAAC","₹30 K / yr LLB - avg fee",,
"Sai Degree College, Barabanki","","Barabanki, Uttar Pradesh","","₹4.3 K / yr LLB - avg fee","CLAT",""
"Shreemati Nathibai Damodar Thackersey Women's University - [SNDT], Pune","","Pune, Maharashtra","AICTE, NAAC, UGC","-- LLB","CLAT","3.9 / 5 1 reviews"
"Shri Jee Baba College of Law, Mathura","","Mathura, Uttar Pradesh","BCI","₹50 K / yr LLB - avg fee",,
"Shri Varshney College, Aligarh","","Aligarh, Uttar Pradesh","NAAC, NAAC-B","-- LLB",,""
"Yeshwant Mahavidyalaya, Wardha","","Wardha, Maharashtra","NAAC","₹30 K / yr LLB - avg fee",,
"Abhinav Education Society's Law College, Pune","","Pune, Maharashtra","BCI","₹14.8 K / yr LLB - avg fee",,
"Ahmednagar Jilha Maratha Vidya Prasarak Samaj's New Law College - [AJMVPS], Ahmed Nagar","","Ahmed Nagar, Maharashtra","BCI","₹14.8 K / yr LLB - avg fee",,
"Akola Law College, Akola","","Akola, Maharashtra","BCI","-- LLB",,
"Anantha College of Law, Tirupati","","Tirupati, Andhra Pradesh","BCI","₹11.3 K / yr LLB - avg fee","AP LAWCE...",""
"Arunodaya Institute of Legal Studies - [AILS], Bangalore","","Bangalore, Karnataka","BCI","-- LLB",,
"Ashoka Law College, Kathua","","Kathua, Jammu and Kashmir","BCI","₹25 K / yr LLB - avg fee",,
"Avadh Law College - [ALC], Barabanki","","Barabanki, Uttar Pradesh","BCI","₹18 K / yr LLB - avg fee",,
"BES College of Law, Bangalore","","Bangalore, Karnataka","BCI","-- LLB",,
"BJS Rampuria Jain Law College, Bikaner","","Bikaner, Rajasthan","BCI","-- LLB",,""
"B.K. Mercantile Bank Law College, Palanpur","","Palanpur, Gujarat","BCI","-- LLB",,
"BLDE Association's Law College, Bagalkot","","Bagalkot, Karnataka","BCI","-- LLB",,
"BS Anangpuria Institute of Law, Faridabad","","Faridabad, Haryana","AICTE","-- LLB",,
"B.S.M. Law College, Nainital","","Nainital, Uttarakhand","BCI","-- LLB",,
"B.V. Bellad Law College, Belgaum","","Belgaum, Karnataka","BCI","₹22 K / yr LLB - avg fee",,
"Babu Shivnath Agrawal College - [BSA], Mathura","","Mathura, Uttar Pradesh","","-- LLB",,""
"Balurghat Law College, Dakshin Dinajpur","","Dakshin Dinajpur, West Bengal","BCI","₹18.1 K / yr LLB - avg fee",,
"Bankey Bihari College of Law - [BBCL], Badaun","","Badaun, Uttar Pradesh","BCI","₹15 K / yr LLB - avg fee",,
"Basavashree College of Law - [BCL], Kolar","","Kolar, Karnataka","BCI","₹14.5 K / yr LLB - avg fee",,
"Bhagwati College of Law, Meerut","","Meerut, Uttar Pradesh","BCI","₹31 K / yr LLB - avg fee",,
"Bharati Vidyapeeth New Law College, Kolhapur","","Kolhapur, Maharashtra","BCI","₹2.7 K / yr LLB - avg fee","MH CET L...","2.4 / 5 1 reviews"
"Bhargava Law College, Jammu","","Jammu, Jammu and Kashmir","BCI","-- LLB",,
"Bikash Bharati Law College, South 24 Parganas","","South 24 Parganas, West Bengal","BCI","₹35 K / yr LLB - avg fee",,
"Bishamber Sahai Law Instititue, Roorkee","","Roorkee, Uttarakhand","BCI","-- LLB",,
"Chajju Ram College of Law, Hisar","","Hisar, Haryana","BCI","₹35 K / yr LLB - avg fee",,
"Chhotu Ram Institute of Law, Rohtak","","Rohtak, Haryana","BCI","₹30 K / yr LLB - avg fee",,
"Classic College of Law, Bareilly","","Bareilly, Uttar Pradesh","","-- LLB",,
"College of Law for Women, Hyderabad","","Hyderabad, Telangana","BCI","-- LLB","TS LAWCE...",""
"DAV PG College, Dehradun","","Dehradun, Uttarakhand","AICTE","₹7 K / yr LLB - avg fee",,""
"Dewan Law College - [DLC], Meerut","","Meerut, Uttar Pradesh","BCI","₹22.7 K / yr LLB - avg fee",,
"Dhenkanel Law College, Dhenkanal","","Dhenkanal, Orissa","BCI","-- LLB",,
"Dr Anushka Law College, Udaipur","","Udaipur, Rajasthan","AICTE","-- LLB","CLAT",""
"Dr BR Ambedkar College of Law, Bangalore","","Bangalore, Karnataka","BCI","-- LLB",,
"Dr Babasaheb Ambedkar Memorial College of Law, Dhule","","Dhule, Maharashtra","BCI","-- LLB",,
"Dr Rizvi College of Law, Kaushambi","","Kaushambi, Uttar Pradesh","BCI","₹2.75 L / yr LLB - avg fee",,
"Durgapur Institute of Legal Studies, Bardhaman","","Bardhaman, West Bengal","BCI","-- LLB",,
"D.P. Vipra Law College , Bilaspur","","Bilaspur, Chhattisgarh","BCI","₹21 K / yr LLB - avg fee",,
"Government State Level Law PG College, Bhopal","","Bhopal, Madhya Pradesh","BCI","₹4.1 K / yr LLB - avg fee","CLAT",""
"Gulab Fulandar Vidhi Mahavidyalaya, Hardoi","","Hardoi, Uttar Pradesh","UGC","-- LLB",,
"Gyan Vidhi PG Mahavidalya, Bikaner","","Bikaner, Rajasthan","BCI","₹12.1 K / yr LLB - avg fee",,
"HLM Law College, Ghaziabad","","Ghaziabad, Uttar Pradesh","BCI","₹31 K / yr LLB - avg fee",,
"HS Law College, Etah","","Etah, Uttar Pradesh","BCI","-- LLB",,
"Hakeem Mehtabuddin Hashmi College of Law , Jyotiba Phule Nagar","","Jyotiba Phule Nagar, Uttar Pradesh","BCI","₹14 K / yr LLB - avg fee",,
"Hari Shanker Prasad Law College, Ballia","","Ballia, Uttar Pradesh","BCI","₹9 K / yr LLB - avg fee",,
"Hitkarini Law College, Jabalpur","","Jabalpur, Madhya Pradesh","","₹14.2 K / yr LLB - avg fee","LSAT Ind...",""
"IIMT Law College, Meerut","","Meerut, Uttar Pradesh","BCI","₹34.5 K / yr LLB - avg fee",,
"IPEM Law Academy, Ghaziabad","","Ghaziabad, Uttar Pradesh","BCI","₹46.9 K / yr LLB - avg fee",,
"Indian Institute of Legal Studies - [IILS], Darjeeling","","Darjeeling, West Bengal","BCI","₹25 K / yr LLB - avg fee",,
"Institute of Law and Research - [ILR], Faridabad","","Faridabad, Haryana","BCI","₹50 K / yr LLB - avg fee",,
"Mangalayatan University, Institute of Legal Studies & Research - [ILSR], Aligarh","","Aligarh, Uttar Pradesh","BCI","₹40 K / yr LLB - avg fee",,
"JSS Law College - [JSLLC], Mysore","","Mysore, Karnataka","BCI, NAAC-A","₹44.4 K / yr LLB - avg fee","LSAT Ind...","3.7 / 5 2 reviews"
"JSS Sakri Law College, Hubli","","Hubli, Karnataka","BCI, NAAC-B","-- LLB",,
"Jagran School of Law, Dehradun","","Dehradun, Uttarakhand","UGC","₹75 K / yr LLB - avg fee",,
"Jharkhand Vidhi Mahavidyalaya - [JVM], Kodarma","","Kodarma, Jharkhand","BCI","₹9.97 K / yr LLB - avg fee",,
"KLE Societys Gurusiddappa Kotambri Law College, Hubli","","Hubli, Karnataka","BCI, NAAC-B","₹11.8 K / yr LLB - avg fee","LSAT Ind...",""
"K. S. Saket PG College, Faizabad","","Faizabad, Uttar Pradesh","NAAC-B","₹1.95 K / yr LLB - avg fee",,""
"Kamkus College of Law - [KCL], Ghaziabad","","Ghaziabad, Uttar Pradesh","BCI","₹28.8 K / yr LLB - avg fee",,
"LR Institute of Legal Studies, Solan","","Solan, Himachal Pradesh","UGC","-- LLB",,
"Lala Hansraj Phutela College of Law, Sirsa","","Sirsa, Haryana","BCI","-- LLB",,
"Libra College of Law, Dehradun","","Dehradun, Uttarakhand","BCI","₹66 K / yr LLB - avg fee",,
"M.B. Khalsa Law College, Indore","","Indore, Madhya Pradesh","BCI","₹30 K / yr LLB - avg fee",,
"MES Law College, Kannada","","Kannada, Karnataka","BCI, NAAC","₹1.38 K / yr LLB - avg fee",,
"Maa Vaishno Devi Educational Law College, Lucknow","","Lucknow, Uttar Pradesh","BCI","₹43.5 K / yr LLB - avg fee",,
"Madurai Law College, Madurai","","Madurai, Tamil Nadu","BCI","-- LLB",,
"Maharishi Dayanand Law P.G. College, Ganganagar","","Ganganagar, Rajasthan","BCI","₹56 K / yr LLB - avg fee",,
"Maharshi Dayanand Law College - [MDLC], Ganganagar","","Ganganagar, Rajasthan","BCI","-- LLB",,
"Mathura College of Law, Mirzapur","","Mirzapur, Uttar Pradesh","BCI","-- LLB",,
"Mewar Law Institute, Ghaziabad","","Ghaziabad, Uttar Pradesh","BCI","₹50 K / yr LLB - avg fee","CLAT","4.4 / 5 1 reviews"
"Model Public Law College, Sambhal","","Sambhal, Uttar Pradesh","BCI","₹15 K / yr LLB - avg fee","CLAT",""
"Modern College of Law, Ghaziabad","","Ghaziabad, Uttar Pradesh","BCI","₹28.8 K / yr LLB - avg fee",,""
"Mohammad Abdul Bari Institute of Juridical Science - [MABIJS], Murshidabad","","Murshidabad, West Bengal","BCI","₹20.4 K / yr LLB - avg fee",,
"Mother Teresa Law College - [MTLC], Jabalpur","","Jabalpur, Madhya Pradesh","BCI","₹12 K / yr LLB - avg fee",,
"Pt. Motilal Nehru Law College, Chhatarpur","","Chhatarpur, Madhya Pradesh","BCI","₹7.36 K / yr LLB - avg fee",,
"Nandini Nagar Vidhi Mahavidyalaya - [NNVM], Gonda","","Gonda, Uttar Pradesh","BCI","₹10 K / yr LLB - avg fee","CLAT",""
"Naravdeshwar Law College - [NVM], Lucknow","","Lucknow, Uttar Pradesh","BCI","₹16.9 K / yr LLB - avg fee",,
"Nawada Vidhi Mahavidyalaya, Nawada","","Nawada, Bihar","BCI","₹8 K / yr LLB - avg fee",,
"New Law College, Mumbai","","Mumbai, Maharashtra","BCI","₹45.8 K / yr LLB - avg fee","MH CET L...","2.5 / 5 2 reviews"
"Nims University, School of Law College, Jaipur","","Jaipur, Rajasthan","BCI","₹71 K / yr LLB - avg fee",,
"Panchami College of Law, Bangalore","","Bangalore, Karnataka","BCI","-- LLB",,
"Pandit Chintamani Smarak Shikshan Sansthan, Pratapgarh","","Pratapgarh, Uttar Pradesh","BCI, UGC","-- LLB","CLAT",""
"Phoolwati Institute of Law, Bagpat","","Bagpat, Uttar Pradesh","BCI","₹34.5 K / yr LLB - avg fee",,
"Rajesh Pandey College of Law - [RPCL], Ambedkar Nagar","","Ambedkar Nagar, Uttar Pradesh","BCI","₹50 K / yr LLB - avg fee",,
"University School of Law, Rayat Bahra University - [USL], Mohali","","Mohali, Punjab","BCI","₹50 K / yr LLB - avg fee",,
"SD College of Law, Muzaffarnagar","","Muzaffarnagar, Uttar Pradesh","BCI","₹50 K / yr LLB - avg fee","CLAT",""
"SS Maniyar Law College, Jalgaon","","Jalgaon, Maharashtra","NAAC","₹56 K / yr LLB - avg fee","MH CET L...",""
"Saifia College of Law, Bhopal","","Bhopal, Madhya Pradesh","","-- LLB",,
"Saraswati Vidya Mandir Law College - [SVMLC], Bulandshahr","","Bulandshahr, Uttar Pradesh","BCI","₹20 K / yr LLB - avg fee",,
"Sarvodaya Law College, Bangalore","","Bangalore, Karnataka","BCI","-- LLB",,
"Seth Motilal Law College, Jhunjhunu","","Jhunjhunu, Rajasthan","BCI","-- LLB",,
"Shahaji Law College, Kolhapur","","Kolhapur, Maharashtra","BCI, NAAC","-- LLB","CLAT",""
"Shankarrao Chavan Law College - [SCLC], Pune","","Pune, Maharashtra","BCI","-- LLB","MH CET L...","3.2 / 5 1 reviews"
"Shivani Gaurav Memorial Law College, Jaunpur","","Jaunpur, Uttar Pradesh","BCI","₹8.77 K / yr LLB - avg fee","CLAT",""
"Shri Shivaji Maratha Society's Law College - [SSMSLC], Pune","","Pune, Maharashtra","BCI","-- LLB","MH CET L...","1 / 5 1 reviews"
"Sir L A Shah Law College, Ahmedabad","","Ahmedabad, Gujarat","","₹5.4 K / yr LLB - avg fee",,
"Smt Kanti Singh Law College, Gyanpur","","Gyanpur, Uttar Pradesh","BCI","-- LLB",,
"Smt Velagapudi Durgamba Siddhartha Law College, Vijayawada","","Vijayawada, Andhra Pradesh","BCI","₹17.5 K / yr LLB - avg fee","AP LAWCE...",""
"Sri Narheji Law College, Ballia","","Ballia, Uttar Pradesh","BCI","₹35 K / yr LLB - avg fee",,
"Sri Padmavati Mahila Visvavidyalayam - [SPMVV], Tirupati","","Tirupati, Andhra Pradesh","UGC, NAAC-A","-- LLB","AP LAWCE...","3.9 / 5 2 reviews"
"St Mother Teresa Law Degree College, Lucknow","","Lucknow, Uttar Pradesh","BCI","₹21.3 K / yr LLB - avg fee",,
"St Wilfreds College of Law, Navi Mumbai","","Navi Mumbai, Maharashtra","BCI","-- LLB",,
"Sardar Patel Subharti Institute of Law - [SLC], Meerut","","Meerut, Uttar Pradesh","BCI","₹28.7 K / yr LLB - avg fee",,""
"Swami Devi Dyal College of Law - [SDDCL], Panchkula","","Panchkula, Haryana","BCI","₹30 K / yr LLB - avg fee",,
"Swami Shukdevanand Law College - [SSLC], Shahjahanpur","","Shahjahanpur, Uttar Pradesh","BCI, UGC","₹16.9 K / yr LLB - avg fee",,
"TRC Law College - [TRCLC], Barabanki","","Barabanki, Uttar Pradesh","BCI","₹22.3 K / yr LLB - avg fee","CLAT",""
"Tolani Institute of Law - [TIL], Kachchh","","Kachchh, Gujarat","BCI","-- LLB",,
"Translam College of Law, Meerut","","Meerut, Uttar Pradesh","BCI","₹50 K / yr LLB - avg fee",,
"Umanath Singh Law College - [USLC], Jaunpur","","Jaunpur, Uttar Pradesh","BCI","₹8.8 K / yr LLB - avg fee",,
"Unique College of Law - [UCL], Moradabad","","Moradabad, Uttar Pradesh","BCI","₹13.5 K / yr LLB - avg fee",,
"Unity Degree College, Lucknow","","Lucknow, Uttar Pradesh","NAAC, UGC","₹52 K / yr LLB - avg fee",,
"Unity Law College, Rudra pur","","Rudra pur, Uttarakhand","BCI","₹27.8 K / yr LLB - avg fee",,
"VMS College of Law, Gurdaspur","","Gurdaspur, Punjab","BCI","-- LLB",,""
"VV Puram Law College, Bangalore","","Bangalore, Karnataka","BCI","-- LLB",,""
"Vidya Prasarak Mandal TMC Law College, Thane","","Thane, Maharashtra","BCI, NAAC-C","₹8 K / yr LLB - avg fee",,""
"Vidya Vikas Law School - [VLS], Mysore","","Mysore, Karnataka","BCI","₹22 K / yr LLB - avg fee",,
"Vivek College of Law, Bijnor","","Bijnor, Uttar Pradesh","BCI","₹13.5 K / yr LLB - avg fee",,
"Bharati Vidyapeeth Yashwantrao Chavan Law College, Karad","","Karad, Maharashtra","BCI, UGC","₹1.8 K / yr LLB - avg fee","MH CET L...",""
"Priyadarshini College of Computer Sciences - [PCCS], Noida","","Noida, Uttar Pradesh","AICTE","-- LLB",,""
"Reliable Institute, Ghaziabad","","Ghaziabad, Uttar Pradesh","NCTE, BCI","₹35 K / yr LLB - avg fee","CLAT",""
"Shree H N Shukla College of IT and Management, Rajkot","","Rajkot, Gujarat","NCTE, BCI, AICTE","-- LLB",,""
"TN Rao College, Rajkot","","Rajkot, Gujarat","NAAC, UGC","₹15 K / yr LLB - avg fee",,""
"AP Narmda Mahavidyalaya, Jabalpur","","Jabalpur, Madhya Pradesh","NCTE, NAAC","₹11.1 K / yr LLB - avg fee",,
"Kashmir Creative Education Foundation - [KCEF], Pulwama","","Pulwama, Jammu and Kashmir","UGC","₹52 K / yr LLB - avg fee",,
"Shri Krishna College of Education, Bhaghpat","","Bhaghpat, Uttar Pradesh","NCTE, BCI","₹35.2 K / yr LLB - avg fee","CLAT",""
"Telangana University, Nizamabad","","Nizamabad, Telangana","UGC, NAAC-B","₹13 K / yr LLB - avg fee",,""
"Central University of South Bihar - [CUSB], Patna","","Patna, Bihar","BCI, AICTE, UGC, NAAC-A, MHRD","₹8.32 K / yr LLB - avg fee",,
"Jai Prakash University, Chapra","","Chapra, Bihar","UGC","-- LLB",,
"Auro University, Surat","","Surat, Gujarat","NAAC, UGC","₹1.45 L / yr LLB - avg fee","CLAT","3.8 / 5 3 reviews"
"Baba MastNath University - [BMU], Rohtak","","Rohtak, Haryana","PCI, INC, MCI, BCI, AICTE","₹30.5 K / yr LLB - avg fee",,""
"Bhagat Phool Singh Mahila Vishwavidyalaya - [BPSMV], Sonepat","","Sonepat, Haryana","AICTE, UGC","₹25 K / yr LLB - avg fee",,
"G D Goenka University - [GDGU], Gurgaon","","Gurgaon, Haryana","NCTE, COA, PCI, BCI, UGC","₹2.25 L / yr LLB - avg fee",,""
"Modern Vidya Niketan - [MVN University], Palwal","","Palwal, Haryana","NCTE, COA, PCI, BCI, NAAC","₹54 K / yr LLB - avg fee",,""
"NIILM University, Kaithal","","Kaithal, Haryana","","₹75 K / yr LLB - avg fee","CLAT","3 / 5 1 reviews"
"AP Goyal Shimla University, Shimla","","Shimla, Himachal Pradesh","BCI, UGC, AIU","₹50 K / yr LLB - avg fee",,""
"Career Point University - [CPU], Hamirpur","","Hamirpur, Himachal Pradesh","UGC","₹53 K / yr LLB - avg fee",,
"IEC University Baddi - [ICEU], Solan","","Solan, Himachal Pradesh","BCI, AICTE, UGC","₹77 K / yr LLB - avg fee",,""
"Manav Bharti University - [MBU], Solan","","Solan, Himachal Pradesh","PCI, BCI, AICTE, UGC","₹47 K / yr LLB - avg fee",,""
"Central University of Kashmir - [CU], Srinagar","","Srinagar, Jammu and Kashmir","AICTE, NAAC","₹9.3 K / yr LLB - avg fee","CUCET",""
"Sido Kanhu Murmu University - [SKMU], Dumka","","Dumka, Jharkhand","NCTE, UGC, MHRD","-- LLB",,
"Awadhesh Pratap Singh University - [APSU], Rewa","","Rewa, Madhya Pradesh","UGC","-- LLB",,""
"University of Science and Technology - [USTM], Ri-Bhoi","","Ri-Bhoi, Meghalaya","NCTE, BCI, AICTE, UGC, AIU","₹35.4 K / yr LLB - avg fee",,""
"Sri Guru Granth Sahib World University - [SGGSWU], Fatehgarh Sahib","","Fatehgarh Sahib, Punjab","NCTE, BCI, UGC","₹45.2 K / yr LLB - avg fee",,
"Bhagwant University, Ajmer","","Ajmer, Rajasthan","NCTE, BCI, AICTE, UGC, AIU","-- LLB",,""
"ICFAI University, Jaipur","","Jaipur, Rajasthan","BCI, AICTE, UGC, AIU","₹85 K / yr LLB - avg fee","CLAT","3.8 / 5 15 reviews"
"Jagdishprasad Jhabarmal Tibrewala University - [JJTU], Jhunjhunu","","Jhunjhunu, Rajasthan","UGC","₹25 K / yr LLB - avg fee",,""
"Maharaja Ganga Singh University, Bikaner","","Bikaner, Rajasthan","UGC","₹1.85 K / yr LLB - avg fee",,""
"Raffles University, Neemrana","","Neemrana, Rajasthan","BCI, UGC","₹1.32 L / yr LLB - avg fee",,""
"Sangam University - [SU], Bhilwara","","Bhilwara, Rajasthan","AICTE, UGC","₹50 K / yr LLB - avg fee",,""
"ICFAI University, Gangtok","","Gangtok, Sikkim","BCI, UGC, DEB","₹41 K / yr LLB - avg fee",,""
"Khwaja Moinuddin Chishti Urdu Arabi-Farsi University, Lucknow","","Lucknow, Uttar Pradesh","NAAC","-- LLB",,
"Mohammad Ali Jauhar University, Rampur","","Rampur, Uttar Pradesh","UGC","₹25.2 K / yr LLB - avg fee",,
"Monad University, Hapur","","Hapur, Uttar Pradesh","NCTE, COA, PCI, BCI, UGC","₹18.8 K / yr LLB - avg fee",,""
"Nehru Gram Bharati University - [NGBU], Allahabad","","Allahabad, Uttar Pradesh","AICTE, NAAC, UGC, NAAC-B","₹20 K / yr LLB - avg fee",,
"Himalayan Group of Professional Institutions, Sirmaur","","Sirmaur, Himachal Pradesh","AICTE","-- LLB",,""
"BES Group of Institutions, Bangalore","","Bangalore, Karnataka","","-- LLB",,
"B.S. Anangpuria Educational Institutes - [BSAEI], Faridabad","","Faridabad, Haryana","NCTE, PCI, BCI, AICTE","₹65 K / yr LLB - avg fee",,""
"Universal Group of Institutions - [UGI], Mohali","","Mohali, Punjab","AICTE","₹69.7 K / yr LLB - avg fee",,""
"Dayananda Sagar Institutions - [DSI], Bangalore","","Bangalore, Karnataka","DCI, AICTE, NAAC","-- LLB",,""
"Deepshikha Group of Colleges, Jaipur","","Jaipur, Rajasthan","AICTE","-- LLB",,""
"Vananchal Educational & Welfare Trust, Garhwa","","Garhwa, Jharkhand","DCI, INC, MCI","-- LLB",,
"Varu Institute of Professional Studies - [VIPS], Lucknow","","Lucknow, Uttar Pradesh","NCTE, PCI, INC, AICTE","-- LLB",,
"Dr Ambedkar Collge, Nagpur","","Nagpur, Maharashtra","NAAC","-- LLB",,
"Vivekananda Global University - [VGU], Jaipur","","Jaipur, Rajasthan","BCI","₹62.7 K / yr LLB - avg fee",,""
"Calorx Teachers' University, Ahmedabad","","Ahmedabad, Gujarat","UGC","-- LLB",,""
"SRM University - [SRM], Sonepat","","Sonepat, Haryana","AICTE, BCI, UGC, AIU","₹1.41 L / yr LLB - avg fee","CLAT","3.7 / 5 16 reviews"
"Jagannath University, Bahadurgarh","","Bahadurgarh, Haryana","NCTE, BCI, UGC, AIU","₹79 K / yr LLB - avg fee","CLAT","3.9 / 5 11 reviews"
"Apex Professional University - [APU], Pasighat","","Pasighat, Arunachal Pradesh","UGC","₹41.5 K / yr LLB - avg fee",,
"Himalayan University - [HU], Papum Pare","","Papum Pare, Arunachal Pradesh","RCI, PCI, AICTE, BCI, UGC","₹22 K / yr LLB - avg fee",,
"Jagran Lakecity University - [JLU], Bhopal","","Bhopal, Madhya Pradesh","AICTE, BCI, UGC","₹1.17 L / yr LLB - avg fee","CLAT","3.9 / 5 18 reviews"
"REVA University, Bangalore","","Bangalore, Karnataka","COA, AICTE, BCI, UGC","₹82.6 K / yr LLB - avg fee",,""
"Tamil Nadu National Law School - [TNNLS], Thiruchirapalli","","Thiruchirapalli, Tamil Nadu","BCI, UGC","₹1.15 L / yr LLB - avg fee","CLAT",""
"Government Law College, Vellore","","Vellore, Tamil Nadu","BCI","₹1.43 K / yr LLB - avg fee","CLAT",""
"Government Law College, Tirunelveli","","Tirunelveli, Tamil Nadu","BCI","₹2.64 K / yr LLB - avg fee","CLAT",""
"Naralkar Institute of Career Development & Research, Pune","","Pune, Maharashtra","AICTE","-- LLB",,
"Adamas University, Kolkata","","Kolkata, West Bengal","BCI, UGC","₹1.31 L / yr LLB - avg fee",,""
"Mahatma Gandhi University, School of Indian Legal Thought, Kottayam","","Kottayam, Kerala","BCI","₹25.2 K / yr LLB - avg fee",,""
"Rayat Bahra Patiala Campus, Patiala","","Patiala, Punjab","AICTE","₹50 K / yr LLB - avg fee",,""
"Rayat Bahra Ropar Campus, Ropar","","Ropar, Punjab","NCTE, PCI, AICTE, BCI","₹50 K / yr LLB - avg fee",,""
"Rayat Bahra Hoshiarpur Campus, Hoshiarpur","","Hoshiarpur, Punjab","NCTE, PCI, INC, AICTE, BCI","₹45 K / yr LLB - avg fee",,""
"Bennett University, Greater Noida","","Greater Noida, Uttar Pradesh","BCI, UGC","₹3 L / yr LLB - avg fee","CLAT","3.9 / 5 20 reviews"
"Shri Vaishnav Institute of Law - [SVIL], Indore","","Indore, Madhya Pradesh","BCI","₹20.7 K / yr LLB - avg fee",,""
"RNB Global University - [RNBGU], Bikaner","","Bikaner, Rajasthan","AICTE, BCI, UGC","₹1.27 L / yr LLB - avg fee",,""
"BLS Institute of Technology Management - [BLSITM], Bahadurgarh","","Bahadurgarh, Haryana","AICTE","₹73.3 K / yr LLB - avg fee","IPU CET",""
"BDS Institute of Management - [BDSIM], Meerut","","Meerut, Uttar Pradesh","NCTE, AICTE, BCI","₹50 K / yr LLB - avg fee",,
"Maharaja Agrasen University - [MAU], Solan","","Solan, Himachal Pradesh","COA, AICTE, BCI, UGC, AIU","₹62 K / yr LLB - avg fee",,
"Amity University, Raipur","","Raipur, Chhattisgarh","COA, AICTE, BCI, UGC","₹1.31 L / yr LLB - avg fee",,""
"North Eastern Regional Institute of Management - [NERIM], Guwahati","","Guwahati, Assam","NCTE, AICTE, BCI, MHRD","₹28 K / yr LLB - avg fee",,""
"Central University of South Bihar - [CUSBGC], Gaya","","Gaya, Bihar","AICTE, BCI, UGC, NAAC-A, MHRD","₹8.32 K / yr LLB - avg fee",,
"Maharashtra National Law University Mumbai, Mumbai","","Mumbai, Maharashtra","UGC","₹3.33 L / yr LLB - avg fee","CLAT",""
"Ishan Institute of Law, Greater Noida","","Greater Noida, Uttar Pradesh","BCI","₹30 K / yr LLB - avg fee",,
"Annamalai University, Directorate of Distance Education - [AUDDE], Cuddalore","","Cuddalore, Tamil Nadu","NCTE, UGC, NAAC-A","₹2.72 K / yr LLB - avg fee",,
"Dr. Ambedkar Government Law College, Chennai","","Chennai, Tamil Nadu","BCI","₹1.42 K / yr LLB - avg fee","CLAT",""
"Government Law College, Chengalpattu","","Chengalpattu, Tamil Nadu","BCI","₹1.47 K / yr LLB - avg fee","CLAT",""
"VIT Law School - [VITLS], Chennai","","Chennai, Tamil Nadu","BCI","₹1.61 L / yr LLB - avg fee","CLAT",""
"Sastra University, School of Law, Thanjavur","","Thanjavur, Tamil Nadu","BCI","₹1.04 L / yr LLB - avg fee",,
"Saveetha School of Law, Chennai","","Chennai, Tamil Nadu","BCI","₹1.78 L / yr LLB - avg fee",,
"Aditya College of Law, Agra","","Agra, Uttar Pradesh","BCI","₹1.35 L / yr LLB - avg fee",,""
"Presidency University, Bangalore","","Bangalore, Karnataka","AICTE, BCI, UGC, NAAC-A, AIU","₹1.28 L / yr LLB - avg fee","CLAT","3.8 / 5 13 reviews"
"Symbiosis International University - [SIUN], Noida","","Noida, Uttar Pradesh","UGC, NAAC-A","₹2.06 L / yr LLB - avg fee",,
"Symbiosis International University - [SIUH], Hyderabad","","Hyderabad, Telangana","AICTE, UGC, NAAC-A","₹2.37 L / yr LLB - avg fee",,
"Dr. A. P. J. Abdul Kalam University, Indore","","Indore, Madhya Pradesh","UGC","-- LLB",,
"IFIM Law College, Bangalore","","Bangalore, Karnataka","BCI","₹1.3 L / yr LLB - avg fee","CLAT",""
"University of Law College, Bangalore University, Bangalore","","Bangalore, Karnataka","BCI","₹9.27 K / yr LLB - avg fee",,
"School of Law, Christ University, Bangalore","","Bangalore, Karnataka","NAAC","₹1.71 L / yr LLB - avg fee",,""
"Rama University, Kanpur","","Kanpur, Uttar Pradesh","DCI, INC, MCI, BCI, AICTE","₹35 K / yr LLB - avg fee",,""
"Amity University, Ranchi","","Ranchi, Jharkhand","UGC","₹1.1 L / yr LLB - avg fee",,
"Brahmanand College, Kanpur","","Kanpur, Uttar Pradesh","UGC","-- LLB",,""
"Amity University, Mumbai","","Mumbai, Maharashtra","UGC","₹1.86 L / yr LLB - avg fee",,
"Amity University, Kolkata","","Kolkata, West Bengal","UGC","₹1.69 L / yr LLB - avg fee",,""
"K.L.E. Society's S.A. Manvi Law College, Gadag","","Gadag, Karnataka","BCI, NAAC-B","₹9.9 K / yr LLB - avg fee","LSAT Ind...",""
"S.C. Nandimath Law College, Bagalkot","","Bagalkot, Karnataka","UGC","₹12 K / yr LLB - avg fee",,
"The Oxford College of Law, Bangalore","","Bangalore, Karnataka","BCI","₹25 K / yr LLB - avg fee",,""
"S.E.A Law College, Bangalore","","Bangalore, Karnataka","BCI","₹9.9 K / yr LLB - avg fee",,
"Sri Kengal Hanumanthaiya Law College, Kolar","","Kolar, Karnataka","BCI","₹9.9 K / yr LLB - avg fee",,
"Shri Siddeshwar Law College, Bijapur","","Bijapur, Karnataka","BCI","₹50 K / yr LLB - avg fee",,
"N.A. Global Law School, Bangalore","","Bangalore, Karnataka","BCI","₹75 K / yr LLB - avg fee",,
"Sri. C.Bhimsen Rao National College of law, Shimoga","","Shimoga, Karnataka","NAAC, UGC","₹12 K / yr LLB - avg fee",,
"Dr.B.R. Ambedkar Law College , Bangalore","","Bangalore, Karnataka","BCI","₹12 K / yr LLB - avg fee",,
"Patel Law College, Bijapur","","Bijapur, Karnataka","BCI","₹10.1 K / yr LLB - avg fee",,
"CMR Law School - [CMRLS], Bangalore","","Bangalore, Karnataka","BCI","₹12 K / yr LLB - avg fee",,""
"Government Law College, Ramanagar","","Ramanagar, Karnataka","NAAC, UGC","₹11 K / yr LLB - avg fee",,
"Al-Ameen College of Law , Bangalore","","Bangalore, Karnataka","BCI","-- LLB",,
"Unitedworld School of Law - [UWSL], Gandhi Nagar","","Gandhi Nagar, Gujarat","BCI","-- LLB",,""
"Government Law College, Sriganganagar","","Sriganganagar, Rajasthan","","₹1.69 K / yr LLB - avg fee",,""
"Government Mohindra College, Patiala","","Patiala, Punjab","NAAC-A","₹48 K / yr LLB - avg fee",,""
"Institute of Business Studies and Research - [IBSAR], Karjat","","Karjat, Maharashtra","AICTE, BCI","₹13 K / yr LLB - avg fee",,""
"VIT University, Chennai","","Chennai, Tamil Nadu","UGC, MHRD","₹1.61 L / yr LLB - avg fee","CLAT",""
"City Group of Colleges - [CGC], Lucknow","","Lucknow, Uttar Pradesh","NCTE, AICTE","₹40 K / yr LLB - avg fee",,""
"NMIMS University, School of Law - [SOL], Mumbai","","Mumbai, Maharashtra","BCI","₹1.45 L / yr LLB - avg fee","CLAT","4.2 / 5 2 reviews"
"Aryans Group of Colleges, Patiala","","Patiala, Punjab","NCTE, INC, AICTE","₹27 K / yr LLB - avg fee",,""
"Institute of Law, Nirma University - [ILNU], Ahmedabad","","Ahmedabad, Gujarat","BCI","₹1.67 L / yr LLB - avg fee",,
"Noida International University, School of Law and Legal Affairs, Gautam Budh Nagar","","Gautam Budh Nagar, Uttar Pradesh","BCI","₹92.4 K / yr LLB - avg fee",,
"Ajeenkya DY Patil University - [ADYPU], Pune","","Pune, Maharashtra","AICTE, UGC","₹1 L / yr LLB - avg fee",,""
"Invertis Institute of Law - [IIL], Bareilly","","Bareilly, Uttar Pradesh","BCI","₹50 K / yr LLB - avg fee",,
"Shobhit University, School of Business Studies, Meerut","","Meerut, Uttar Pradesh","NAAC, UGC","₹75 K / yr LLB - avg fee",,
"Shobhit University, School of Law and Constitutional Studies, Meerut","","Meerut, Uttar Pradesh","BCI, NAAC","₹93 K / yr LLB - avg fee","CLAT",""
"Gitam, School of Law, Visakhapatnam","","Visakhapatnam, Andhra Pradesh","BCI","₹1.55 L / yr LLB - avg fee",,
"MATS School of Law, Raipur","","Raipur, Chhattisgarh","BCI, NAAC","₹48 K / yr LLB - avg fee","CLAT",""
"Shri Bhawani Niketan Law College, Jaipur","","Jaipur, Rajasthan","BCI","₹36 K / yr LLB - avg fee",,
"SGT University, Faculty of Law, Gurgaon","","Gurgaon, Haryana","BCI","₹1.2 L / yr LLB - avg fee",,
"JECRC University, School of Law, Jaipur","","Jaipur, Rajasthan","BCI","₹1.13 L / yr LLB - avg fee","CLAT",""
"KL University, College of Law, Guntur","","Guntur, Andhra Pradesh","BCI","₹43 K / yr LLB - avg fee",,
"Raffles University, School of Law, Alwar","","Alwar, Rajasthan","","₹1.2 L / yr LLB - avg fee",,
"Nehru Academy of Law, Palakkad","","Palakkad, Kerala","BCI","₹15 K / yr LLB - avg fee","CLAT",""
"University Institute of Legal Studies, Chandigarh University - [UILS], Chandigarh","","Chandigarh, Chandigarh","BCI","₹70 K / yr LLB - avg fee","PU LLB","3.4 / 5 1 reviews"
"Rayat College of Law - [RCL], Ropar","","Ropar, Punjab","BCI","₹55 K / yr LLB - avg fee",,
"KR Mangalam University, School of Law, Gurgaon","","Gurgaon, Haryana","BCI","₹1.35 L / yr LLB - avg fee",,
"Bahra Faculty of Law - [BCL], Patiala","","Patiala, Punjab","BCI","₹50 K / yr LLB - avg fee",,
"Bhagwant University, Department of Law, Ajmer","","Ajmer, Rajasthan","UGC","-- LLB",,
"Mody University, College of Law And Governance -[CLG], Sikar","","Sikar, Rajasthan","BCI","₹1.4 L / yr LLB - avg fee",,
"Maharishi Markandeshwar University, Department of Law, Ambala","","Ambala, Haryana","BCI","₹47.8 K / yr LLB - avg fee",,
"Biyani Law College - [BLC], Jaipur","","Jaipur, Rajasthan","BCI","-- LLB",,
"Sharda University, School of Law - [SOL], Greater Noida","","Greater Noida, Uttar Pradesh","BCI","₹1.58 L / yr LLB - avg fee",,
"SRM University, School of Law, Kanchipuram","","Kanchipuram, Tamil Nadu","BCI","₹1.52 L / yr LLB - avg fee",,
"Bharath Institute of Law, Chennai","","Chennai, Tamil Nadu","BCI","-- LLB",,
"VGU School of Law, Jaipur","","Jaipur, Rajasthan","BCI","₹1.2 L / yr LLB - avg fee","CLAT",""
"G D Goenka University, School of Law, Gurgaon","","Gurgaon, Haryana","BCI","₹2.25 L / yr LLB - avg fee",,
"Sangam University, School of Legal Studies, Bhilwara","","Bhilwara, Rajasthan","AICTE, UGC, NBA","-- LLB",,
"Ansal University, School of Law, Gurgaon","","Gurgaon, Haryana","BCI","₹1.87 L / yr LLB - avg fee","CLAT",""
"Jaipur National University, Seedling School of Law & Governance, Jaipur","","Jaipur, Rajasthan","BCI","-- LLB",,
"RNB Global University, School of Law, Bikaner","","Bikaner, Rajasthan","BCI","₹1.27 L / yr LLB - avg fee","CLAT",""
"Graphic Era Hill University Dehradun Campus - [GEHU], Dehradun","","Dehradun, Uttarakhand","UGC","₹1.1 L / yr LLB - avg fee",,""
"Presidency University, School of Law, Bangalore","","Bangalore, Karnataka","BCI","₹1.25 L / yr LLB - avg fee","CLAT",""
"ITM University, Raipur","","Raipur, Chhattisgarh","NAAC, UGC","-- LLB","CLAT","3.6 / 5 10 reviews"
"SRM, Institute of Legal Studies, Lucknow","","Lucknow, Uttar Pradesh","BCI","₹77 K / yr LLB - avg fee",,
"Sanskriti University, Mathura","","Mathura, Uttar Pradesh","AICTE, NAAC, UGC","-- LLB",,""
"Manipal University, School of Law - [SOL], Jaipur","","Jaipur, Rajasthan","BCI","₹1.4 L / yr LLB - avg fee",,
"Graphic Era Hill University Dehradun Campus, School of Law, Dehradun","","Dehradun, Uttarakhand","BCI","₹1.12 L / yr LLB - avg fee",,
"Glocal University, Saharanpur","","Saharanpur, Uttar Pradesh","NCTE, PCI, AICTE, BCI, UGC","₹1.01 L / yr LLB - avg fee","CLAT","3.5 / 5 10 reviews"
"NCU, School of Law, Gurgaon","","Gurgaon, Haryana","BCI","₹1.49 L / yr LLB - avg fee","CLAT",""
"Rama University, Faculty of Juridical Sciences (Law), Kanpur","","Kanpur, Uttar Pradesh","BCI","₹31 K / yr LLB - avg fee",,
"Aurora Group of Institutions, Hyderabad","","Hyderabad, Telangana","AICTE, NBA","₹1 L / yr LLB - avg fee","LSAT Ind...",""
"Glocal law School - [GLS], Saharanpur","","Saharanpur, Uttar Pradesh","BCI, UGC","₹1.05 L / yr LLB - avg fee",,
"Apeejay Stya University, School of Legal Studies, Gurgaon","","Gurgaon, Haryana","BCI","₹1.64 L / yr LLB - avg fee",,
"RIMT University, School of Legal Studies, Gobindgarh","","Gobindgarh, Punjab","BCI","-- LLB",,
"Babu Banarasi Das University, School of Legal Studies, Lucknow","","Lucknow, Uttar Pradesh","BCI","₹70 K / yr LLB - avg fee","CLAT",""
"JIS University, Kolkata","","Kolkata, West Bengal","AICTE, BCI, UGC","-- LLB",,""
"Vivekanand Education Society's College Of Law - [VESCOL], Mumbai","","Mumbai, Maharashtra","","₹25 K / yr LLB - avg fee",,
"The Neotia University - [TNU], Kolkata","","Kolkata, West Bengal","AICTE, UGC","₹1.54 L / yr LLB - avg fee",,""
"Galgotias University, School of Law - [GUSOL], Greater Noida","","Greater Noida, Uttar Pradesh","BCI","₹1.1 L / yr LLB - avg fee","LSAT Ind...",""
"Geeta Group of Institutions - [GGI], Panipat","","Panipat, Haryana","NCTE, AICTE, BCI, NAAC-A, MHRD","₹90.2 K / yr LLB - avg fee",,
"Symbiosis Law School - [SLS], Noida","","Noida, Uttar Pradesh","NAAC-A","₹2.06 L / yr LLB - avg fee",,""
"KES Law College, Mumbai","","Mumbai, Maharashtra","BCI","₹30 K / yr LLB - avg fee","MH CET L...","1.3 / 5 2 reviews"
"Kalinga University, Raipur","","Raipur, Chhattisgarh","NCTE, PCI, AICTE, BCI, UGC","₹70.2 K / yr LLB - avg fee",,""
"V.N.Patil Law College, Aurangabad","","Aurangabad, Maharashtra","BCI","₹3.22 K / yr LLB - avg fee",,
"Children Welfare Centre Law College, Mumbai","","Mumbai, Maharashtra","BCI","₹12.9 K / yr LLB - avg fee",,
"M.K.E.S College of Law, Mumbai","","Mumbai, Maharashtra","","₹12.9 K / yr LLB - avg fee",,
"Shantaram Potdukhe College of LAW, Chandrapur","","Chandrapur, Maharashtra","BCI, NAAC-B","₹10.8 K / yr LLB - avg fee","MH CET L...",""
"Oriental College Of Law - [OCL], Navi Mumbai","","Navi Mumbai, Maharashtra","BCI","₹12.9 K / yr LLB - avg fee",,
"Delhi Metropolitan Education - [DME], Noida","","Noida, Uttar Pradesh","BCI","₹70 K / yr LLB - avg fee",,""
"Delhi Institute of Rural Development - [DIRD], New Delhi","","New Delhi, Delhi NCR","NBA","₹55.5 K / yr LLB - avg fee",,""
"ITM Vocational University - [ITMVU], Vadodara","","Vadodara, Gujarat","AICTE, UGC","-- LLB",,
"IIMT College of Law, Greater Noida","","Greater Noida, Uttar Pradesh","BCI","₹34.5 K / yr LLB - avg fee",,
"Tilak Dhari P.G. College, Jaunpur","","Jaunpur, Uttar Pradesh","UGC, NAAC-B","-- LLB",,""
"Shibli National College, Azamgarh","","Azamgarh, Uttar Pradesh","UGC","-- LLB",,""
"Swami Vivekanand University, Sagar","","Sagar, Madhya Pradesh","UGC","₹15.6 K / yr LLB - avg fee",,""
"St. Andrews College , Gorakhpur","","Gorakhpur, Uttar Pradesh","UGC","-- LLB",,""
"Kazi Nazrul University - [KNU] Asansol, Bardhaman","","Bardhaman, West Bengal","NAAC, UGC","₹5.05 K / yr LLB - avg fee",,
"M. S. College of Arts, Science, Commerce & BMS, Thane","","Thane, Maharashtra","BCI, AICTE","₹28.5 K / yr LLB - avg fee",,""
"Government Mizoram Law college, Aizawl","","Aizawl, Mizoram","BCI","₹2.4 K / yr LLB - avg fee",,
"Sandip University, Nashik","","Nashik, Maharashtra","NCTE, PCI, BCI, AICTE, UGC","₹75 K / yr LLB - avg fee",,""
"North East Frontier Technical University - [NEFTU], West Siang","","West Siang, Arunachal Pradesh","BCI, AICTE, UGC, AIU","-- LLB",,
"DP Institute of Professional Studies, Moradabad","","Moradabad, Uttar Pradesh","PCI, AICTE","-- LLB",,
"PDM University, Bahadurgarh","","Bahadurgarh, Haryana","UGC","₹60 K / yr LLB - avg fee",,""
"Maharaja Chhatrasal Bundelkhand Vishwavidyalaya, Chhatarpur","","Chhatarpur, Madhya Pradesh","AICTE, UGC, MHRD, AIU","-- LLB",,
"Shri Ram Group of Colleges - [SRGC], Muzaffarnagar","","Muzaffarnagar, Uttar Pradesh","NCTE, BCI, AICTE, NAAC-A","₹30 K / yr LLB - avg fee",,
"IIMT Group of Colleges, Greater Noida","","Greater Noida, Uttar Pradesh","PCI, BCI, AICTE","₹45 K / yr LLB - avg fee",,""
"IIMT Group of Colleges, Meerut","","Meerut, Uttar Pradesh","MCI, BCI, AICTE","-- LLB",,
"Oriental School of Law, Indore","","Indore, Madhya Pradesh","BCI","₹54.5 K / yr LLB - avg fee",,
"Akshay Academy College, Indore","","Indore, Madhya Pradesh","NCTE, AICTE","-- LLB",,
"Shri Guru Gobind Singh Law College - [SGGS], Indore","","Indore, Madhya Pradesh","BCI","₹30 K / yr LLB - avg fee",,
"BM Group of Colleges, Indore","","Indore, Madhya Pradesh","PCI, BCI, AICTE","₹35 K / yr LLB - avg fee",,
"Liberal College, Indore","","Indore, Madhya Pradesh","NCTE, BCI","-- LLB",,
"Jagran Lakecity University, School of Law, Bhopal","","Bhopal, Madhya Pradesh","BCI","₹1.17 L / yr LLB - avg fee",,
"School of Law, Rai University - [SOL], Ahmedabad","","Ahmedabad, Gujarat","BCI","₹43.3 K / yr LLB - avg fee",,
"Shri Jawaharlal Nehru Vidhi Mahavidhyalaya, Mandsaur","","Mandsaur, Madhya Pradesh","BCI","₹20.1 K / yr LLB - avg fee",,
"Shri Nilkanth Law College, Jabalpur","","Jabalpur, Madhya Pradesh","BCI, UGC","₹20 K / yr LLB - avg fee",,
"ITM University, School of Law, Gwalior","","Gwalior, Madhya Pradesh","BCI","₹75 K / yr LLB - avg fee",,
"T.N.B. Law College, Bhagalpur","","Bhagalpur, Bihar","BCI, UGC","-- LLB",,
"N. S. Soti Law College, Sangli","","Sangli, Maharashtra","BCI","₹3.24 K / yr LLB - avg fee","MH CET L...",""
"Dr. D. Y. Patil Law College, Pune","","Pune, Maharashtra","BCI","₹19.6 K / yr LLB - avg fee","MH CET L...",""
"Govindrao Wanjari College of Law - [GWCL], Nagpur","","Nagpur, Maharashtra","BCI","₹12.5 K / yr LLB - avg fee","MH CET L...",""
"PDEA's Law College Hadapsar, Pune","","Pune, Maharashtra","BCI","₹19.5 K / yr LLB - avg fee","MH CET L...",""
"Shri Nathmal Goenka Law College, Akola","","Akola, Maharashtra","BCI","₹7.16 K / yr LLB - avg fee","MH CET L...",""
"Asian Law College - [ALC], Noida","","Noida, Uttar Pradesh","BCI","₹1 L / yr LLB - avg fee",,
"SVKM's Pravin Gandhi College of Law - [PGCL], Mumbai","","Mumbai, Maharashtra","BCI","₹12.9 K / yr LLB - avg fee","MH CET L...",""
"Yashwantrao Chavan Law College - [YCLC], Pune","","Pune, Maharashtra","BCI, NAAC-B","₹9 K / yr LLB - avg fee","MH CET L...",""
"Adv. Ramkrishnaji Rathi Law College, Washim","","Washim, Maharashtra","BCI, UGC","₹5.09 K / yr LLB - avg fee","MH CET L...",""
"NTVS's Law College, Nandurbar","","Nandurbar, Maharashtra","BCI, NAAC-B","₹6.5 K / yr LLB - avg fee","MH CET L...",""
"Noorjahan Begum Salam Ahmad Women's College of Law, Yavatmal","","Yavatmal, Maharashtra","BCI","₹4.91 K / yr LLB - avg fee","MH CET L...",""
"Janardan Bhagat Shikshan Prasarak Sanstha’s Bhagubai Changu Thakur College of Law New Panvel, Raigarh","","Raigarh, Maharashtra","BCI, UGC","₹8.1 K / yr LLB - avg fee","MH CET L...",""
"Nalanda Law College, Mumbai","","Mumbai, Maharashtra","BCI","₹8.1 K / yr LLB - avg fee","MH CET L...",""
"Dr. Babasaheb Ambedkar College of Law, Nagpur","","Nagpur, Maharashtra","BCI","₹3.95 K / yr LLB - avg fee","MH CET L...",""
"MSP Mandal's Shri Shivaji Law College, Parbhani","","Parbhani, Maharashtra","BCI, UGC, NAAC-A","₹3.03 K / yr LLB - avg fee","MH CET L...",""
"Hutatma Rajguru Shikshan Prasarak Mandal’s Law College Rajgurunagar, Pune","","Pune, Maharashtra","BCI","₹10 K / yr LLB - avg fee","MH CET L...",""
"M. S. College of Law, Thane","","Thane, Maharashtra","BCI","₹25 K / yr LLB - avg fee","MH CET L...",""
"Mahatma Gandhi Mission's College of Law Nerul, Navi Mumbai","","Navi Mumbai, Maharashtra","BCI","₹25 K / yr LLB - avg fee","MH CET L...",""
"Gokhale Education Society’s N.B. Thakur Law college, Nashik","","Nashik, Maharashtra","BCI, NAAC-B","₹20.4 K / yr LLB - avg fee","MH CET L...",""
"Rajarshi Shahu Law College - [RSLC], Barshi","","Barshi, Maharashtra","BCI, NAAC-C","₹4.55 K / yr LLB - avg fee","MH CET L...",""
"Shikshan Prasarak Sanstha’s Shri Omkarnath Malpani Law College, Ahmed Nagar","","Ahmed Nagar, Maharashtra","BCI","₹15.3 K / yr LLB - avg fee","MH CET L...",""
"Vidya Pratishthan's Vasantrao Pawar Law College, Pune","","Pune, Maharashtra","BCI, NAAC-B","₹18.6 K / yr LLB - avg fee","MH CET L...",""
"SNBP Law College, Pune","","Pune, Maharashtra","BCI","₹15 K / yr LLB - avg fee","MH CET L...",""
"Marathwada Shikshan Prasarak Mandal's Law College, Beed","","Beed, Maharashtra","BCI","-- LLB","MH CET L...",""
"Mahatma Gandhi Vidymandir's Karmaveer Bhausaheb Hiray Law College, Nashik","","Nashik, Maharashtra","BCI, NAAC","₹20 K / yr LLB - avg fee","MH CET L...",""
"ISBM University, Raipur","","Raipur, Chhattisgarh","NCTE, INC, BCI, AICTE, UGC","₹23.3 K / yr LLB - avg fee",,
"Ramaiah Institute of Legal Studies - [RILS], Bangalore","","Bangalore, Karnataka","BCI","₹1.35 L / yr LLB - avg fee","CLAT",""
"Govt. T.C.L. College, Janjgir","","Janjgir, Chhattisgarh","UGC","₹2.08 K / yr LLB - avg fee",,
"Monad University, School of Law, Hapur","","Hapur, Uttar Pradesh","BCI","-- LLB",,
"Babu Banarsi Das University, School Of Legal Studies, Lucknow","","Lucknow, Uttar Pradesh","BCI","₹70 K / yr LLB - avg fee","CLAT",""
"Babu Jagjivan Ram Institute of Law, Jhansi","","Jhansi, Uttar Pradesh","AICTE","₹16 K / yr LLB - avg fee",,
"IIMT University - [IIMTU], Meerut","","Meerut, Uttar Pradesh","NCTE, PCI, INC, BCI, UGC","₹42.3 K / yr LLB - avg fee",,""
"Allahabad State University, Allahabad","","Allahabad, Uttar Pradesh","NCTE, DCI, MCI, BCI, AICTE","-- LLB",,
"Aamna Law College - [ALC], Ghaziabad","","Ghaziabad, Uttar Pradesh","BCI","₹31 K / yr LLB - avg fee",,
"Dr. B.R. Ambedkar Law College, Banda","","Banda, Uttar Pradesh","BCI, NAAC-B","₹16 K / yr LLB - avg fee",,
"Doon Group of Colleges, Saharanpur","","Saharanpur, Uttar Pradesh","NCTE, PCI, BCI, AICTE","₹50 K / yr LLB - avg fee",,
"J.S. University - [JSU], Shikohabad","","Shikohabad, Uttar Pradesh","NCTE, PCI, BCI, AICTE, UGC","-- LLB",,
"Hari Group of Institutions - [HGI], Nakur","","Nakur, Uttar Pradesh","NCTE, BCI, NAAC","-- LLB",,
"Indira Gandhi University - [IGU], Rewari","","Rewari, Haryana","NAAC","₹6.97 K / yr LLB - avg fee",,
"Maharashtra National Law University - [MNLU], Nagpur","","Nagpur, Maharashtra","BCI","₹93.4 K / yr LLB - avg fee","CLAT",""
"C.B Singh Law College, Ambedkar Nagar","","Ambedkar Nagar, Uttar Pradesh","BCI","₹50 K / yr LLB - avg fee",,
"R.K. College of Law, Firozabad","","Firozabad, Uttar Pradesh","BCI","₹50 K / yr LLB - avg fee",,
"PGS National College of Law, Mathura","","Mathura, Uttar Pradesh","BCI","₹50 K / yr LLB - avg fee",,
"Lucknow Law College - [LLC], Lucknow","","Lucknow, Uttar Pradesh","BCI","₹12.5 K / yr LLB - avg fee",,
"Krishna College of Law, Bijnor","","Bijnor, Uttar Pradesh","BCI","₹14 K / yr LLB - avg fee",,
"Lord Mahavira College of Law - [LMCL], Moradabad","","Moradabad, Uttar Pradesh","BCI","₹15 K / yr LLB - avg fee",,
"University of Technology - [UOT], Jaipur","","Jaipur, Rajasthan","AICTE, UGC, AIU","₹60 K / yr LLB - avg fee",,
"ISBR Law College, Bangalore","","Bangalore, Karnataka","BCI","₹1.1 L / yr LLB - avg fee","CLAT",""

